{"type":"FeatureCollection", "features": [
{"type":"Feature","geometry":{"type":"Polygon","coordinates":[[[10.9514,59.9492],[10.9459,59.9526],[10.9427,59.9528],[10.9402,59.9579],[10.9375,59.9609],[10.9369,59.963],[10.9381,59.9655],[10.9373,59.97],[10.9337,59.9742],[10.9287,59.979],[10.9257,59.9837],[10.9182,59.9846],[10.9127,59.981],[10.9,59.9803],[10.8932,59.9808],[10.8827,59.9846],[10.8761,59.9855],[10.8749,59.9877],[10.8679,59.9912],[10.866,59.995],[10.8578,59.9962],[10.8555,59.9982],[10.8493,60.002],[10.8388,59.9983],[10.837,60.007],[10.8331,60.0097],[10.8335,60.0113],[10.832,60.0178],[10.8292,60.0199],[10.8269,60.0232],[10.8241,60.0227],[10.8224,60.0204],[10.8222,60.0179],[10.8188,60.0183],[10.813,60.0237],[10.8117,60.0256],[10.8135,60.0293],[10.812,60.0335],[10.8128,60.0356],[10.8179,60.0377],[10.817,60.0405],[10.818,60.0431],[10.8174,60.0459],[10.8167,60.0566],[10.8198,60.0643],[10.8184,60.0651],[10.8079,60.0643],[10.8015,60.0659],[10.7963,60.0662],[10.788,60.0676],[10.7856,60.0693],[10.7819,60.0752],[10.7786,60.0772],[10.7748,60.084],[10.7723,60.0866],[10.7703,60.0871],[10.7682,60.091],[10.7645,60.0958],[10.7616,60.0981],[10.7553,60.0996],[10.7553,60.1038],[10.7571,60.1061],[10.7642,60.1103],[10.7677,60.1131],[10.7521,60.1184],[10.7512,60.1208],[10.7464,60.1232],[10.7437,60.1233],[10.7403,60.1253],[10.7371,60.1257],[10.7324,60.125],[10.7316,60.1237],[10.7236,60.1215],[10.7186,60.1214],[10.7156,60.1196],[10.7073,60.1194],[10.7038,60.1212],[10.7045,60.1252],[10.6964,60.1259],[10.695,60.1272],[10.6803,60.1335],[10.6473,60.1329],[10.6189,60.1351],[10.6039,60.1339],[10.6007,60.1316],[10.5728,60.1168],[10.5828,60.1072],[10.5887,60.1003],[10.5921,60.0939],[10.5918,60.0921],[10.5929,60.0825],[10.5973,60.0773],[10.5808,60.0762],[10.4892,60.0173],[10.4902,60.0158],[10.5051,60.0077],[10.5181,59.9993],[10.5242,60.0001],[10.5278,59.9997],[10.5338,60.0006],[10.544,59.998],[10.5454,59.9952],[10.5491,59.9937],[10.5559,59.9967],[10.5597,59.9939],[10.5657,59.9922],[10.5768,59.9861],[10.5789,59.9855],[10.5903,59.9785],[10.5918,59.9768],[10.5969,59.9778],[10.6015,59.9769],[10.6105,59.9766],[10.614,59.9743],[10.6182,59.9705],[10.6205,59.9663],[10.6244,59.9648],[10.6233,59.9629],[10.6279,59.9614],[10.6318,59.9572],[10.6321,59.9537],[10.6339,59.9534],[10.6358,59.9454],[10.6329,59.9428],[10.6316,59.9386],[10.6353,59.9358],[10.633,59.9325],[10.6267,59.9298],[10.6254,59.9271],[10.6274,59.9255],[10.6259,59.9225],[10.6298,59.9214],[10.6304,59.9182],[10.6342,59.9174],[10.6328,59.9151],[10.6404,59.9138],[10.6425,59.9107],[10.6478,59.9094],[10.6581,59.8844],[10.689,59.8759],[10.731,59.8772],[10.744,59.8393],[10.7616,59.8305],[10.7648,59.8295],[10.7708,59.8251],[10.7741,59.8242],[10.7768,59.8262],[10.7809,59.8259],[10.7836,59.8246],[10.7892,59.8234],[10.7987,59.823],[10.8053,59.825],[10.8125,59.8254],[10.8151,59.823],[10.8173,59.8181],[10.836,59.817],[10.8377,59.816],[10.8459,59.8169],[10.8479,59.8119],[10.8528,59.8099],[10.8574,59.81],[10.8632,59.8123],[10.8703,59.8133],[10.8755,59.8128],[10.8803,59.8114],[10.8824,59.814],[10.8884,59.816],[10.8918,59.8182],[10.8918,59.821],[10.8968,59.822],[10.8965,59.8238],[10.9011,59.8255],[10.9106,59.826],[10.917,59.8278],[10.9251,59.8277],[10.9274,59.8269],[10.933,59.8313],[10.9365,59.8317],[10.9352,59.8349],[10.9331,59.8366],[10.9312,59.8368],[10.9269,59.8425],[10.9265,59.8451],[10.92,59.8537],[10.9123,59.8601],[10.9093,59.8648],[10.9072,59.8699],[10.9099,59.8753],[10.9076,59.885],[10.9114,59.8968],[10.9119,59.9004],[10.9148,59.9116],[10.9214,59.9265],[10.929,59.9348],[10.9374,59.9395],[10.9408,59.9405],[10.946,59.9432],[10.9423,59.9455],[10.9424,59.9469],[10.9514,59.9492]]]},"properties":{"fylke":"Oslo","fnr":"03"}},
{"type":"Feature","geometry":{"type":"Polygon","coordinates":[[[5.8717,58.1583],[5.9507,58.1214],[6.0204,58.0887],[6.1497,58.0279],[6.373,58.2765],[6.3865,58.2781],[6.3976,58.2816],[6.4163,58.2852],[6.4175,58.2864],[6.4313,58.2899],[6.4374,58.2909],[6.4398,58.2907],[6.448,58.2948],[6.4532,58.2963],[6.4655,58.2989],[6.4706,58.2995],[6.4812,58.3019],[6.4835,58.3035],[6.5162,58.3136],[6.5434,58.3195],[6.5513,58.3236],[6.5603,58.3274],[6.5715,58.3388],[6.5759,58.3446],[6.5878,58.3543],[6.5913,58.358],[6.6009,58.363],[6.6039,58.366],[6.6085,58.3722],[6.6087,58.374],[6.604,58.3875],[6.596,58.4091],[6.5953,58.4163],[6.5996,58.4209],[6.6094,58.4304],[6.6096,58.431],[6.6175,58.4354],[6.6203,58.4362],[6.6302,58.4437],[6.6322,58.4514],[6.624,58.4545],[6.6199,58.4572],[6.6168,58.4658],[6.6135,58.4681],[6.6193,58.4705],[6.6114,58.4744],[6.6101,58.4797],[6.6116,58.4825],[6.6101,58.4862],[6.6074,58.4894],[6.5961,58.4966],[6.5877,58.4928],[6.5928,58.5005],[6.5923,58.5065],[6.5926,58.5089],[6.5957,58.5137],[6.6013,58.5206],[6.6084,58.533],[6.6111,58.5349],[6.6059,58.5372],[6.608,58.5394],[6.6135,58.5417],[6.6121,58.5445],[6.612,58.5471],[6.6182,58.5553],[6.6144,58.5573],[6.6083,58.5617],[6.6081,58.5641],[6.6091,58.5694],[6.6111,58.5716],[6.6088,58.5741],[6.6102,58.5764],[6.6098,58.5786],[6.6035,58.5815],[6.5967,58.5858],[6.5914,58.5863],[6.5879,58.5902],[6.5892,58.5963],[6.5935,58.6007],[6.5955,58.6037],[6.604,58.6081],[6.6106,58.6169],[6.6147,58.6251],[6.6049,58.6223],[6.5962,58.6191],[6.5923,58.6187],[6.5862,58.616],[6.5827,58.6152],[6.5688,58.6197],[6.5594,58.6219],[6.5512,58.6233],[6.5479,58.6247],[6.5325,58.6279],[6.5315,58.6266],[6.523,58.6232],[6.5175,58.6205],[6.4975,58.6099],[6.4921,58.6145],[6.4832,58.6233],[6.4835,58.6247],[6.4879,58.627],[6.4802,58.6309],[6.4767,58.6354],[6.4725,58.6365],[6.4694,58.6383],[6.469,58.6401],[6.4361,58.6493],[6.4422,58.655],[6.4508,58.6636],[6.4607,58.6668],[6.4771,58.6715],[6.4889,58.6704],[6.5071,58.6694],[6.5134,58.6701],[6.5555,58.6775],[6.5779,58.6838],[6.6013,58.6871],[6.622,58.696],[6.6228,58.704],[6.6165,58.7153],[6.6085,58.7236],[6.6061,58.7268],[6.602,58.7295],[6.5966,58.7317],[6.5828,58.7383],[6.5736,58.7414],[6.5737,58.7458],[6.5764,58.762],[6.5727,58.7653],[6.5675,58.7661],[6.5624,58.765],[6.5594,58.7636],[6.5562,58.7649],[6.5506,58.764],[6.5467,58.7664],[6.5316,58.7681],[6.5229,58.7658],[6.5181,58.7674],[6.5251,58.7808],[6.5275,58.7841],[6.5285,58.7872],[6.5372,58.8008],[6.5521,58.8181],[6.5531,58.8258],[6.5659,58.8421],[6.5764,58.8492],[6.6039,58.8752],[6.6013,58.8774],[6.6072,58.879],[6.6086,58.8801],[6.6057,58.8836],[6.6027,58.8842],[6.5991,58.8831],[6.595,58.8841],[6.5927,58.8829],[6.5799,58.8814],[6.5753,58.8851],[6.5675,58.8857],[6.5608,58.91],[6.6331,58.9398],[6.6655,58.9854],[6.7026,58.9942],[6.7065,59.0017],[6.7255,59.0146],[6.7568,59.0318],[6.7812,59.0404],[6.7877,59.0527],[6.8854,59.1031],[6.9037,59.1134],[6.9,59.1153],[6.9003,59.1187],[6.9024,59.1204],[6.8987,59.1217],[6.8988,59.1272],[6.9024,59.1304],[6.8996,59.1331],[6.895,59.1356],[6.8932,59.1384],[6.8882,59.141],[6.8797,59.1407],[6.881,59.1446],[6.8856,59.1471],[6.8854,59.1495],[6.8924,59.1529],[6.8917,59.1544],[6.8984,59.1586],[6.9037,59.1598],[6.9099,59.1604],[6.9118,59.1619],[6.9179,59.1628],[6.9213,59.165],[6.9249,59.1659],[6.9258,59.1677],[6.9217,59.1689],[6.9234,59.1721],[6.9223,59.1745],[6.9295,59.1763],[6.9337,59.179],[6.9377,59.1797],[6.9392,59.1819],[6.933,59.1824],[6.9042,59.1855],[6.8965,59.1848],[6.8538,59.1827],[6.8476,59.1827],[6.8377,59.1926],[6.8408,59.251],[6.8245,59.2699],[6.8316,59.3173],[6.835,59.3195],[6.8413,59.327],[6.8428,59.331],[6.8476,59.3351],[6.8546,59.3486],[6.8575,59.3503],[6.8586,59.3523],[6.8584,59.3562],[6.8594,59.3599],[6.8645,59.3665],[6.8651,59.3684],[6.8909,59.3982],[6.8977,59.3953],[6.9012,59.3923],[6.9079,59.3922],[6.9081,59.3946],[6.9128,59.3953],[6.918,59.3931],[6.9241,59.3963],[6.9253,59.4014],[6.9322,59.4003],[6.9314,59.4027],[6.9288,59.4033],[6.9223,59.4069],[6.9049,59.4146],[6.9002,59.4178],[6.8934,59.4207],[6.889,59.4249],[6.8828,59.4284],[6.8869,59.4308],[6.8933,59.4305],[6.9107,59.4338],[6.9187,59.435],[6.9263,59.4368],[6.9379,59.4406],[6.9444,59.4431],[6.9464,59.4431],[6.9496,59.4458],[6.9527,59.4444],[6.9567,59.4447],[6.9782,59.4535],[6.9891,59.4585],[6.997,59.461],[6.9991,59.4627],[7.0001,59.4669],[7.0042,59.4693],[7.0105,59.4755],[7.0162,59.4786],[7.0229,59.4812],[7.0228,59.4828],[7.0164,59.4873],[7.0153,59.4913],[7.0119,59.4927],[7.0024,59.4951],[7.001,59.4967],[7.0058,59.5011],[7.0012,59.504],[6.9969,59.5054],[6.9934,59.5056],[6.9839,59.5072],[6.9768,59.5092],[6.9745,59.5105],[6.9678,59.5126],[6.963,59.5165],[6.9803,59.5234],[6.9785,59.5413],[6.9805,59.5489],[6.9866,59.5756],[6.9918,59.597],[7.0127,59.5965],[7.0486,59.5868],[7.0618,59.6035],[7.0722,59.6112],[7.0764,59.6128],[7.089,59.6197],[7.0923,59.6268],[7.098,59.6466],[7.0987,59.6513],[7.1384,59.6623],[7.1988,59.6669],[7.2111,59.669],[7.2147,59.6727],[7.213,59.6742],[7.1743,59.6861],[7.1101,59.7006],[7.1163,59.714],[7.1105,59.7633],[7.0963,59.7828],[6.9772,59.7721],[6.9167,59.7525],[6.816,59.7226],[6.8006,59.7167],[6.7911,59.714],[6.7843,59.7115],[6.7818,59.7101],[6.7739,59.7081],[6.7714,59.7056],[6.7713,59.7026],[6.7675,59.7005],[6.7629,59.6999],[6.7576,59.701],[6.7515,59.7003],[6.7466,59.7008],[6.7385,59.6999],[6.7118,59.6942],[6.7041,59.694],[6.6885,59.6957],[6.6573,59.7017],[6.6519,59.7114],[6.6521,59.7182],[6.6597,59.731],[6.6633,59.7347],[6.669,59.7423],[6.6698,59.748],[6.6737,59.75],[6.6774,59.7563],[6.6901,59.7695],[6.6893,59.7714],[6.6842,59.774],[6.6782,59.7816],[6.6803,59.7867],[6.6783,59.7926],[6.6824,59.7944],[6.6865,59.8152],[6.6935,59.823],[6.69,59.8252],[6.685,59.8296],[6.6857,59.8306],[6.6683,59.8392],[6.6583,59.8435],[6.6567,59.8446],[6.648,59.8409],[6.6361,59.839],[6.61,59.8342],[6.6055,59.8343],[6.6023,59.8332],[6.5696,59.8317],[6.5625,59.837],[6.5381,59.8428],[6.5254,59.8378],[6.514,59.8333],[6.4869,59.8204],[6.442,59.8064],[6.4255,59.7899],[6.3423,59.7824],[6.3331,59.7839],[6.328,59.7816],[6.3294,59.7762],[6.3277,59.7722],[6.3255,59.7722],[6.3024,59.7674],[6.2948,59.757],[6.2742,59.74],[6.2713,59.7358],[6.2696,59.732],[6.27,59.73],[6.2684,59.7032],[6.2425,59.6969],[6.2293,59.6933],[6.2264,59.6921],[6.2228,59.6866],[6.2278,59.6838],[6.2247,59.6819],[6.2184,59.6767],[6.2154,59.6645],[6.2131,59.6598],[6.2133,59.6557],[6.2067,59.6464],[6.1993,59.6408],[6.1941,59.6441],[6.1908,59.6433],[6.186,59.6396],[6.1895,59.6353],[6.1845,59.631],[6.1831,59.6247],[6.1874,59.6215],[6.1857,59.6184],[6.1781,59.6148],[6.1889,59.6062],[6.1902,59.601],[6.1888,59.5982],[6.1887,59.594],[6.183,59.5861],[6.1656,59.5855],[6.1435,59.5847],[6.1292,59.5872],[6.1234,59.5847],[6.1181,59.5853],[6.1,59.5911],[6.0893,59.5951],[6.0738,59.5969],[6.0592,59.5983],[6.0546,59.5976],[6.0467,59.5948],[6.0425,59.5911],[6.0146,59.5928],[6.01,59.5938],[6.0082,59.5952],[6.0046,59.5851],[5.9768,59.5793],[5.9694,59.579],[5.9696,59.5977],[5.963,59.6011],[5.948,59.605],[5.9241,59.6099],[5.9116,59.6105],[5.907,59.6079],[5.9027,59.6093],[5.8993,59.6116],[5.899,59.6185],[5.8966,59.6227],[5.8915,59.6257],[5.8773,59.6263],[5.8705,59.6279],[5.8612,59.6293],[5.8439,59.6292],[5.8341,59.6316],[5.827,59.6358],[5.8225,59.6406],[5.824,59.646],[5.824,59.6483],[5.7964,59.6458],[5.7845,59.6474],[5.7745,59.6567],[5.7642,59.6997],[5.6875,59.6861],[5.6349,59.7003],[5.597,59.7526],[5.5807,59.7536],[5.5623,59.725],[5.5708,59.6953],[5.5454,59.6613],[5.5382,59.6158],[5.551,59.5655],[5.5315,59.5489],[5.5199,59.5415],[5.5109,59.5225],[5.4965,59.5172],[5.4726,59.5212],[5.4599,59.5154],[5.4619,59.4986],[5.4537,59.4977],[5.4342,59.4974],[5.4311,59.4992],[5.4227,59.4997],[5.4185,59.495],[5.3894,59.4912],[5.4014,59.4842],[5.3973,59.4832],[5.3875,59.4856],[5.3735,59.4851],[5.3736,59.4874],[5.3706,59.4953],[5.3639,59.4943],[5.3543,59.4912],[5.3557,59.4889],[5.3537,59.4878],[5.3523,59.4852],[5.3345,59.4818],[5.3322,59.4805],[5.3283,59.48],[5.3191,59.4773],[5.3147,59.4754],[5.312,59.4761],[5.3076,59.4791],[5.3018,59.4817],[5.29,59.4881],[5.2791,59.4897],[5.2706,59.4937],[5.2602,59.4959],[5.2548,59.4991],[5.2491,59.5013],[5.2482,59.5026],[5.2432,59.5047],[5.2344,59.504],[5.1874,59.5155],[5.1461,59.5117],[4.9769,59.4961],[4.6037,59.5582],[4.5689,59.5036],[4.5312,59.4443],[4.4835,59.3689],[4.4796,59.3623],[4.4752,59.3536],[4.4647,59.3309],[4.4612,59.3226],[4.4583,59.3138],[4.4562,59.3049],[4.4548,59.2959],[4.4543,59.287],[4.4545,59.278],[4.4555,59.269],[4.4573,59.2601],[4.4605,59.2473],[4.463,59.2386],[4.4664,59.2298],[4.4705,59.2211],[4.4754,59.2125],[4.481,59.204],[4.4873,59.1956],[4.4944,59.1874],[4.5022,59.1794],[4.5107,59.1715],[4.5199,59.1639],[4.5284,59.1572],[4.5387,59.15],[4.5496,59.143],[4.5611,59.1362],[4.5732,59.1297],[4.5858,59.1235],[4.5989,59.1176],[4.6126,59.112],[4.7174,59.0709],[4.8335,59.0251],[4.8952,59.0006],[4.9591,58.956],[5.0059,58.9231],[5.0077,58.9193],[5.0469,58.8324],[5.0491,58.8277],[5.0719,58.7822],[5.1122,58.701],[5.1167,58.6927],[5.1221,58.6842],[5.1633,58.6236],[5.1798,58.5993],[5.1862,58.5909],[5.1934,58.5828],[5.2076,58.5674],[5.2158,58.5595],[5.2494,58.5283],[5.3273,58.4561],[5.3331,58.4509],[5.3423,58.4433],[5.3521,58.4359],[5.3625,58.4288],[5.4046,58.4014],[5.4156,58.3945],[5.5195,58.3325],[5.5786,58.2971],[5.5902,58.2906],[5.6105,58.2798],[5.623,58.2737],[5.7451,58.2173],[5.8717,58.1583]]]},"properties":{"fylke":"Rogaland","fnr":"11"}},
{"type":"Feature","geometry":{"type":"Polygon","coordinates":[[[6.9713,63.3425],[6.8605,63.2733],[6.8389,63.2598],[6.7197,63.22],[6.5975,63.1791],[6.4993,63.146],[6.3381,63.0913],[6.1935,63.042],[6.066,62.9983],[5.9938,62.9734],[5.9784,62.9677],[5.9637,62.9618],[5.9495,62.9556],[5.8878,62.9271],[5.8239,62.8975],[5.7448,62.8607],[5.6712,62.8264],[5.6412,62.812],[5.5705,62.7777],[5.4752,62.7314],[5.3413,62.666],[5.2549,62.6235],[5.1488,62.5712],[5.0373,62.5159],[4.9491,62.4719],[4.9384,62.4664],[4.9261,62.4594],[4.9145,62.4523],[4.9036,62.4448],[4.8874,62.4332],[4.8166,62.3824],[5.0567,62.3102],[5.2179,62.2612],[5.3573,62.1686],[5.3584,62.1548],[5.3609,62.1222],[5.5031,62.0667],[5.506,62.0547],[5.4855,62.0143],[5.4913,62.0148],[5.5012,62.0131],[5.5032,62.0079],[5.4971,62.005],[5.4936,62.0018],[5.4904,62.0007],[5.4866,61.9982],[5.4829,61.9976],[5.474,61.9947],[5.4717,61.9947],[5.4671,61.9925],[5.4581,61.9862],[5.4553,61.985],[5.4429,61.9742],[5.452,61.976],[5.4615,61.9759],[5.4679,61.9822],[5.476,61.9859],[5.4835,61.9829],[5.4896,61.9799],[5.4939,61.9801],[5.5174,61.9753],[5.5222,61.9738],[5.5296,61.9704],[5.5335,61.9715],[5.5402,61.9667],[5.5381,61.9651],[5.5516,61.9604],[5.576,61.9623],[5.6036,61.966],[5.6201,61.9664],[5.6301,61.968],[5.6626,61.9726],[5.6802,61.974],[5.6933,61.9679],[5.7036,61.9688],[5.7219,61.9799],[5.7298,61.9807],[5.7404,61.9788],[5.7497,61.98],[5.7534,61.9771],[5.754,61.9731],[5.7736,61.9735],[5.7775,61.9728],[5.7842,61.9731],[5.7871,61.9698],[5.7911,61.9667],[5.8026,61.966],[5.8204,61.9698],[5.8312,61.9713],[5.8429,61.9734],[5.8484,61.9749],[5.8945,61.9889],[5.9046,61.9926],[5.914,61.9946],[5.9269,61.9966],[5.9363,61.994],[5.9381,61.9897],[5.9466,61.9879],[5.9648,61.9941],[5.9746,61.987],[5.9898,61.9802],[5.9996,61.9775],[6.0112,61.9752],[6.0193,61.969],[6.0182,61.9677],[6.0364,61.9566],[6.041,61.957],[6.0444,61.9621],[6.0504,61.9634],[6.056,61.9654],[6.0592,61.9678],[6.0637,61.9685],[6.0887,61.9617],[6.1166,61.9651],[6.1419,61.9735],[6.1319,61.987],[6.1704,61.9941],[6.1789,62.0059],[6.1818,62.0107],[6.1998,62.0075],[6.2172,62.0094],[6.2575,62.0056],[6.2388,61.9932],[6.2358,61.9918],[6.2644,61.9822],[6.2774,61.9772],[6.2823,61.9788],[6.2877,61.977],[6.2996,61.971],[6.3073,61.9684],[6.3135,61.9647],[6.3075,61.9608],[6.3113,61.9587],[6.3206,61.9588],[6.3236,61.9609],[6.3379,61.963],[6.3483,61.9627],[6.3626,61.9678],[6.3707,61.9755],[6.3775,61.9785],[6.3802,61.9789],[6.3978,61.9834],[6.405,61.9856],[6.421,61.9817],[6.4238,61.9799],[6.4267,61.9761],[6.4295,61.969],[6.4283,61.9549],[6.4296,61.9527],[6.4327,61.9507],[6.4383,61.9494],[6.4723,61.9429],[6.4752,61.9409],[6.4739,61.9387],[6.4767,61.9342],[6.4881,61.9333],[6.4906,61.9268],[6.4932,61.9266],[6.5013,61.9234],[6.5173,61.9265],[6.524,61.9304],[6.5238,61.9324],[6.5214,61.9351],[6.523,61.9371],[6.5262,61.9384],[6.5303,61.9378],[6.5375,61.9462],[6.5467,61.9457],[6.5705,61.9457],[6.5732,61.9454],[6.5782,61.9472],[6.594,61.9483],[6.599,61.9492],[6.6021,61.9513],[6.6068,61.9525],[6.6085,61.9542],[6.6217,61.9583],[6.627,61.9591],[6.6483,61.961],[6.6563,61.9624],[6.6668,61.9624],[6.6794,61.9597],[6.6941,61.956],[6.6991,61.9543],[6.7065,61.953],[6.7186,61.9531],[6.7278,61.9557],[6.7312,61.9543],[6.7391,61.9534],[6.7481,61.9535],[6.7589,61.9551],[6.7651,61.9589],[6.7748,61.9583],[6.7777,61.9614],[6.7783,61.9654],[6.7869,61.9669],[6.794,61.9699],[6.7995,61.9687],[6.8186,61.9685],[6.8264,61.9671],[6.8297,61.9659],[6.8409,61.9635],[6.8493,61.9686],[6.8519,61.9758],[6.8695,61.9769],[6.8958,61.9823],[6.9125,61.9756],[6.9248,61.9817],[6.9506,61.9886],[6.9596,61.989],[6.9834,61.9816],[6.9929,61.9857],[7.0124,61.9866],[7.0389,61.9838],[7.0429,61.9836],[7.0514,61.9844],[7.0608,61.9888],[7.0692,61.9972],[7.0746,61.9989],[7.0806,62.0031],[7.0828,62.0057],[7.0774,62.0068],[7.0745,62.0093],[7.1354,62.0133],[7.152,62.0138],[7.1568,62.0153],[7.1661,62.0126],[7.1708,62.012],[7.1735,62.0138],[7.1814,62.0152],[7.1855,62.0144],[7.1937,62.0166],[7.2019,62.0216],[7.2037,62.0262],[7.1949,62.0307],[7.1995,62.031],[7.2341,62.0341],[7.2408,62.0189],[7.2848,62.0177],[7.297,62.0182],[7.3115,62.018],[7.3207,62.0132],[7.3288,62.008],[7.3491,62.0077],[7.3519,62.0175],[7.3527,62.0293],[7.3425,62.0354],[7.3844,62.0517],[7.3903,62.0547],[7.3957,62.0565],[7.4026,62.0609],[7.3989,62.062],[7.4003,62.0681],[7.4059,62.0691],[7.4097,62.0738],[7.4101,62.0767],[7.415,62.0809],[7.4195,62.0807],[7.4162,62.0855],[7.4082,62.088],[7.4147,62.0921],[7.4507,62.0881],[7.4859,62.0895],[7.5143,62.0974],[7.5541,62.0695],[7.5838,62.0653],[7.5921,62.0745],[7.6318,62.0851],[7.6123,62.0986],[7.6101,62.1028],[7.5794,62.1219],[7.6553,62.1409],[7.7346,62.1846],[7.7829,62.1863],[7.8273,62.1897],[7.864,62.1708],[7.921,62.1729],[7.9836,62.1775],[8.0801,62.2518],[8.0865,62.2541],[8.0942,62.2589],[8.1079,62.2696],[8.1066,62.2704],[8.1096,62.2736],[8.1154,62.2764],[8.1191,62.2792],[8.1201,62.2811],[8.1229,62.2814],[8.1297,62.2856],[8.132,62.291],[8.1349,62.2915],[8.1443,62.2968],[8.1695,62.3052],[8.1761,62.3096],[8.2059,62.3317],[8.2178,62.3344],[8.2363,62.3376],[8.2752,62.348],[8.3893,62.3639],[8.4633,62.3634],[8.6259,62.3738],[8.6352,62.3741],[8.7316,62.3769],[8.7926,62.3784],[8.8896,62.3755],[8.9191,62.3535],[8.9318,62.3532],[8.9711,62.3539],[8.9924,62.356],[9.0051,62.3576],[9.0204,62.3591],[9.023,62.3602],[9.0621,62.3726],[9.0713,62.3745],[9.1047,62.382],[9.1087,62.3835],[9.1422,62.3984],[9.1836,62.4266],[9.1987,62.4475],[9.1843,62.4583],[9.1967,62.4801],[9.2081,62.4997],[9.211,62.5005],[9.2127,62.5066],[9.2116,62.5136],[9.2075,62.5187],[9.2064,62.5216],[9.2093,62.5224],[9.2172,62.5199],[9.2222,62.5203],[9.2232,62.5215],[9.2203,62.5243],[9.2217,62.5283],[9.2239,62.5305],[9.2307,62.54],[9.2379,62.5363],[9.2383,62.5401],[9.237,62.5435],[9.2388,62.549],[9.2431,62.5528],[9.2437,62.5561],[9.2372,62.5598],[9.232,62.5663],[9.232,62.5683],[9.2233,62.5704],[9.221,62.5747],[9.2015,62.5721],[9.1963,62.5741],[9.196,62.577],[9.1891,62.5766],[9.1722,62.5739],[9.1714,62.5756],[9.1617,62.5745],[9.1543,62.5729],[9.1521,62.5751],[9.148,62.5765],[9.1496,62.5782],[9.1461,62.5792],[9.1392,62.5825],[9.1271,62.5854],[9.1256,62.5865],[9.1114,62.6055],[9.0806,62.6253],[9.0675,62.6322],[9.0588,62.6376],[9.0121,62.664],[8.9812,62.6622],[8.92,62.7118],[8.9864,62.7418],[9.0577,62.7463],[9.063,62.7496],[9.0771,62.7596],[9.0845,62.7597],[9.0935,62.758],[9.0934,62.7554],[9.1038,62.7541],[9.1152,62.7556],[9.1222,62.755],[9.1375,62.7569],[9.1412,62.756],[9.1468,62.7565],[9.2179,62.7687],[9.3648,62.7941],[9.3308,62.7987],[9.3236,62.8095],[9.3245,62.8194],[9.3246,62.8521],[9.3312,62.8621],[9.2861,62.8773],[9.3,62.8896],[9.3122,62.8914],[9.3125,62.8939],[9.3079,62.9053],[9.2667,62.9258],[9.2033,62.9251],[9.1776,62.9171],[9.1743,62.9172],[9.1681,62.9185],[9.1571,62.9251],[9.1527,62.925],[9.1489,62.927],[9.1363,62.9272],[9.1329,62.9323],[9.1224,62.9351],[9.1227,62.9383],[9.1201,62.9433],[9.1211,62.945],[9.125,62.9467],[9.1202,62.952],[9.116,62.9541],[9.1178,62.9552],[9.1145,62.958],[9.1215,62.957],[9.1275,62.9552],[9.131,62.9577],[9.1276,62.9587],[9.1131,62.9608],[9.1119,62.9635],[9.1154,62.9659],[9.114,62.9688],[9.1107,62.9707],[9.1128,62.9726],[9.1176,62.9752],[9.1182,62.9783],[9.1221,62.9788],[9.1296,62.9811],[9.1312,62.9851],[9.1368,62.9857],[9.1407,62.9884],[9.1444,62.9899],[9.1491,62.993],[9.1533,62.9903],[9.1584,62.9887],[9.1669,62.9846],[9.1735,62.9841],[9.1776,62.993],[9.1671,62.993],[9.1536,62.9955],[9.1478,62.9958],[9.1472,62.9974],[9.1407,63.0009],[9.1399,63.0027],[9.1418,63.0048],[9.1474,63.0057],[9.1507,63.0075],[9.1535,63.0108],[9.1543,63.0135],[9.1527,63.0146],[9.1476,63.0148],[9.1398,63.0144],[9.1382,63.0154],[9.1484,63.0163],[9.1552,63.0153],[9.1563,63.017],[9.1479,63.0181],[9.1322,63.0166],[9.1235,63.0236],[9.1099,63.0286],[9.1044,63.0291],[9.1035,63.0326],[9.104,63.035],[9.1071,63.0383],[9.1142,63.0401],[9.11,63.0442],[9.1043,63.0439],[9.0998,63.0514],[9.0974,63.0574],[9.0915,63.0683],[9.0837,63.0904],[9.0819,63.0901],[9.0672,63.0904],[9.0527,63.0894],[9.0391,63.086],[9.0338,63.0836],[9.0314,63.0793],[9.0233,63.0761],[9.0134,63.0739],[8.9994,63.073],[8.9807,63.0731],[8.9728,63.0725],[8.9717,63.077],[8.959,63.0931],[8.9719,63.0958],[8.9838,63.1002],[8.9932,63.1025],[8.9952,63.1036],[8.9845,63.1157],[8.9832,63.1212],[8.9805,63.1249],[8.97,63.1339],[8.9111,63.1179],[8.9051,63.1203],[8.8987,63.1221],[8.8865,63.1206],[8.8694,63.1167],[8.8601,63.1143],[8.8565,63.1181],[8.8472,63.1221],[8.8425,63.1222],[8.8336,63.1261],[8.8193,63.1258],[8.8167,63.1264],[8.8072,63.1266],[8.7963,63.1233],[8.7926,63.1228],[8.7831,63.1164],[8.7747,63.1141],[8.7727,63.1113],[8.7773,63.1071],[8.7478,63.0986],[8.7388,63.095],[8.7348,63.0945],[8.7213,63.0854],[8.7059,63.0828],[8.6887,63.0734],[8.6802,63.0716],[8.6526,63.0642],[8.6477,63.0725],[8.6411,63.07],[8.633,63.0686],[8.6223,63.0709],[8.5927,63.0648],[8.5754,63.0646],[8.5536,63.0616],[8.5471,63.056],[8.526,63.0579],[8.502,63.049],[8.4974,63.0617],[8.4929,63.0682],[8.4815,63.0797],[8.4537,63.0738],[8.454,63.0728],[8.4372,63.0655],[8.437,63.0516],[8.4298,63.0493],[8.4252,63.0467],[8.407,63.0542],[8.4028,63.0569],[8.389,63.0535],[8.3805,63.0525],[8.3621,63.046],[8.356,63.043],[8.3448,63.041],[8.3467,63.0392],[8.3383,63.0355],[8.3306,63.0436],[8.3286,63.0451],[8.2968,63.0381],[8.2835,63.0303],[8.2738,63.0259],[8.2676,63.0254],[8.2633,63.0243],[8.2576,63.0205],[8.2437,63.0121],[8.203,63.0228],[8.1507,63.0954],[8.1027,63.1294],[8.1501,63.143],[8.2635,63.1545],[8.3332,63.158],[8.369,63.1479],[8.4829,63.1497],[8.5691,63.1716],[8.6722,63.1873],[8.7624,63.1898],[8.819,63.1948],[8.8333,63.1988],[8.8322,63.202],[8.8376,63.2152],[8.8617,63.2197],[8.8627,63.2313],[8.8279,63.2442],[8.8212,63.2605],[8.8157,63.2661],[8.8493,63.2901],[8.866,63.2952],[8.8645,63.3041],[8.8654,63.316],[8.8631,63.3217],[8.8701,63.3299],[8.8824,63.3362],[8.8826,63.3436],[8.9046,63.3488],[8.9111,63.3565],[8.8921,63.3535],[8.8722,63.3644],[8.8679,63.3708],[8.8567,63.3672],[8.8487,63.3661],[8.8259,63.372],[8.8214,63.3709],[8.7989,63.3715],[8.7986,63.3781],[8.7957,63.3828],[8.7979,63.3882],[8.801,63.3899],[8.8032,63.4023],[8.786,63.4067],[8.7698,63.4134],[8.7629,63.4149],[8.757,63.4212],[8.7551,63.4244],[8.7427,63.4475],[8.6092,63.4222],[8.4339,63.3887],[8.3429,63.3594],[8.2405,63.4221],[8.2098,63.4633],[8.1679,63.5193],[8.1087,63.5981],[8.0095,63.6491],[7.89,63.6887],[7.7421,63.7374],[7.6481,63.7682],[7.5285,63.696],[7.4622,63.6557],[7.4519,63.6492],[7.441,63.6417],[7.358,63.5808],[7.2316,63.5034],[7.1646,63.4622],[7.1107,63.4289],[6.9713,63.3425]]]},"properties":{"fylke":"Møre og Romsdal","fnr":"15"}},
{"type":"Feature","geometry":{"type":"Polygon","coordinates":[[[17.3377,68.5625],[17.2738,68.56],[17.2362,68.5587],[17.2078,68.5579],[17.2045,68.5573],[17.1955,68.5575],[17.1861,68.5587],[17.1633,68.5597],[17.1384,68.5612],[17.1051,68.5625],[17.0814,68.5637],[17.039,68.5654],[17.0269,68.566],[16.9752,68.5681],[16.9425,68.5692],[16.936,68.5697],[16.9192,68.5703],[16.8669,68.5728],[16.8028,68.5447],[16.7971,68.5454],[16.7903,68.5412],[16.7884,68.5383],[16.7853,68.5376],[16.7749,68.5367],[16.7737,68.535],[16.7691,68.5353],[16.7635,68.5338],[16.7567,68.5304],[16.7565,68.5288],[16.75,68.5266],[16.7463,68.5267],[16.7468,68.5222],[16.7394,68.5213],[16.7372,68.5196],[16.7143,68.5108],[16.6684,68.5035],[16.6473,68.5012],[16.6289,68.499],[16.6231,68.4989],[16.5778,68.5019],[16.5769,68.5031],[16.5678,68.5016],[16.5644,68.4994],[16.5537,68.4903],[16.5527,68.4847],[16.5526,68.4759],[16.5581,68.4714],[16.5609,68.4678],[16.5601,68.4662],[16.5554,68.4633],[16.5531,68.4597],[16.5669,68.4548],[16.5604,68.4489],[16.5574,68.4472],[16.5677,68.4343],[16.4985,68.4277],[16.4113,68.4064],[16.2874,68.3975],[16.1622,68.3721],[16.0299,68.3768],[16.0405,68.4224],[16.1608,68.5221],[16.126,68.5254],[16.1251,68.5389],[16.1063,68.5389],[16.096,68.5375],[16.0813,68.5367],[16.0711,68.5347],[16.064,68.5321],[16.0568,68.5317],[16.052,68.5302],[16.0079,68.5414],[16.0053,68.5432],[16.0072,68.545],[16.0063,68.5471],[15.9972,68.5514],[15.9972,68.5563],[16.0074,68.5588],[16.0213,68.5639],[16.0301,68.5679],[16.0267,68.5698],[16.0278,68.5739],[16.0243,68.5771],[16.0195,68.5796],[16.0133,68.5798],[16.006,68.5817],[15.9981,68.5846],[15.997,68.5862],[16.0079,68.5881],[16.0055,68.5933],[16.0027,68.5961],[15.9875,68.6001],[15.9804,68.6033],[15.9769,68.6072],[15.9623,68.6139],[15.9589,68.6109],[15.9556,68.6099],[15.9463,68.6095],[15.943,68.6071],[15.9442,68.6033],[15.9392,68.6016],[15.9333,68.601],[15.9317,68.5966],[15.9289,68.5948],[15.9276,68.5913],[15.9291,68.5875],[15.9289,68.5832],[15.9211,68.5796],[15.9163,68.5759],[15.9102,68.5723],[15.9097,68.5688],[15.9068,68.567],[15.906,68.5626],[15.8971,68.5611],[15.8895,68.559],[15.8888,68.557],[15.8929,68.5518],[15.8981,68.549],[15.8954,68.5479],[15.8949,68.5431],[15.8919,68.5403],[15.8911,68.534],[15.8723,68.5326],[15.8291,68.5345],[15.816,68.5239],[15.8083,68.5202],[15.8047,68.5168],[15.7847,68.5118],[15.782,68.5106],[15.7823,68.507],[15.7789,68.5052],[15.7692,68.5054],[15.7656,68.5036],[15.7594,68.5038],[15.7532,68.5],[15.758,68.4965],[15.7565,68.4921],[15.7483,68.4905],[15.7425,68.4909],[15.7329,68.4894],[15.7308,68.4884],[15.7148,68.4852],[15.7039,68.4818],[15.6974,68.478],[15.6941,68.4754],[15.6901,68.4742],[15.6864,68.4718],[15.6914,68.4641],[15.6823,68.4601],[15.6762,68.4589],[15.6749,68.4576],[15.6597,68.4555],[15.6505,68.4501],[15.649,68.4474],[15.6487,68.4433],[15.6405,68.4461],[15.6303,68.4486],[15.6181,68.453],[15.6161,68.4552],[15.6151,68.4592],[15.6207,68.4616],[15.6235,68.4637],[15.6336,68.4659],[15.6317,68.4702],[15.636,68.4719],[15.6426,68.4732],[15.6539,68.4739],[15.6609,68.4782],[15.6649,68.4788],[15.6727,68.4827],[15.6754,68.4855],[15.6725,68.4879],[15.6626,68.4981],[15.6705,68.4995],[15.6707,68.5009],[15.6657,68.504],[15.6648,68.5091],[15.6676,68.5114],[15.6575,68.514],[15.6556,68.5151],[15.6525,68.5215],[15.6532,68.5254],[15.6503,68.5264],[15.6316,68.5283],[15.6275,68.5308],[15.6297,68.5368],[15.626,68.5378],[15.6257,68.5396],[15.6218,68.5419],[15.6163,68.5431],[15.6196,68.5468],[15.614,68.5479],[15.6121,68.5497],[15.6126,68.5532],[15.6067,68.5574],[15.6084,68.5632],[15.6004,68.567],[15.5941,68.5681],[15.5948,68.5708],[15.6034,68.5719],[15.6146,68.5763],[15.6328,68.5756],[15.6491,68.5816],[15.6679,68.5867],[15.6676,68.5894],[15.6728,68.5942],[15.6746,68.597],[15.6698,68.6017],[15.6598,68.6057],[15.6649,68.609],[15.6626,68.6142],[15.6501,68.6231],[15.6455,68.6326],[15.6506,68.6317],[15.6618,68.6322],[15.6779,68.637],[15.6774,68.6389],[15.6807,68.642],[15.6888,68.6441],[15.701,68.6484],[15.7055,68.6482],[15.7149,68.645],[15.7212,68.6455],[15.7254,68.6448],[15.7291,68.6423],[15.7363,68.6409],[15.7456,68.6414],[15.7574,68.643],[15.7634,68.6462],[15.768,68.6498],[15.7774,68.6518],[15.7819,68.6557],[15.7793,68.6574],[15.7901,68.6678],[15.7973,68.6722],[15.8016,68.6756],[15.801,68.6772],[15.7898,68.6785],[15.7842,68.6833],[15.7778,68.6863],[15.7778,68.6877],[15.7922,68.7005],[15.7925,68.7022],[15.7866,68.7079],[15.7877,68.7087],[15.7976,68.7088],[15.8032,68.711],[15.8329,68.7096],[15.8374,68.7113],[15.8442,68.7088],[15.8551,68.7097],[15.8689,68.7096],[15.869,68.7086],[15.8802,68.7091],[15.887,68.7112],[15.893,68.7186],[15.8889,68.7213],[15.8888,68.725],[15.8903,68.7276],[15.9006,68.7299],[15.9153,68.732],[15.9281,68.7302],[15.9369,68.7308],[15.9584,68.7405],[15.9603,68.7383],[15.9638,68.7375],[15.9724,68.7403],[15.9708,68.745],[15.9762,68.7488],[15.9745,68.7502],[15.985,68.7526],[15.9972,68.7536],[16.0057,68.7556],[16.0457,68.7578],[16.024,68.8137],[15.9386,68.8115],[15.9308,68.8252],[15.9473,68.8512],[16.0016,68.8829],[16.0265,68.9093],[16.1123,68.9318],[16.0523,69.0086],[16.1235,69.0519],[16.199,69.0976],[16.3126,69.1659],[16.3629,69.2277],[16.4325,69.3126],[16.4608,69.3469],[16.5176,69.4155],[16.396,69.4997],[16.2544,69.5967],[15.9301,69.5417],[15.7854,69.5169],[15.7628,69.5127],[15.7408,69.5082],[15.7193,69.5032],[15.6986,69.498],[15.6334,69.4807],[15.4703,69.4372],[15.288,69.3882],[15.1555,69.3523],[15.0221,69.316],[14.8158,69.2593],[14.7866,69.2507],[14.7682,69.2446],[14.7505,69.2381],[14.7337,69.2314],[14.6184,69.1832],[14.4907,69.1295],[14.3445,69.0675],[14.1889,69.001],[14.0545,68.9432],[13.8919,68.8726],[13.8816,68.868],[13.8668,68.8608],[13.8529,68.8533],[13.8399,68.8457],[13.828,68.8378],[13.817,68.8298],[13.8071,68.8216],[13.7216,68.7462],[13.701,68.7336],[13.4918,68.6053],[13.388,68.541],[13.264,68.4636],[13.1256,68.4262],[13.0037,68.3932],[12.8325,68.3464],[12.8209,68.3431],[12.8021,68.3375],[12.7841,68.3314],[12.7669,68.3252],[12.7504,68.3186],[12.7348,68.3117],[12.6437,68.2698],[12.6214,68.2588],[12.6081,68.2513],[12.5956,68.2436],[12.5842,68.2357],[12.5194,68.1885],[12.4701,68.1525],[12.3896,68.0932],[12.3059,68.0313],[12.298,68.0252],[12.2884,68.017],[12.2799,68.0086],[12.2724,68.0001],[12.1666,67.8701],[12.1285,67.8228],[11.9877,67.7818],[11.799,67.7265],[11.6966,67.6962],[11.6712,67.6882],[11.6214,67.6713],[11.507,67.6309],[11.4856,67.6228],[11.4697,67.6162],[11.4546,67.6093],[11.4404,67.6022],[11.4271,67.5948],[11.4146,67.5872],[11.403,67.5794],[11.3924,67.5714],[11.3827,67.5632],[11.3741,67.5549],[11.3664,67.5464],[11.3597,67.5378],[11.3213,67.4838],[11.3134,67.4709],[11.3101,67.4642],[11.3068,67.4553],[11.3045,67.4464],[11.3033,67.4375],[11.3031,67.4285],[11.3039,67.4195],[11.3058,67.4106],[11.3088,67.4017],[11.3128,67.3929],[11.3178,67.3841],[11.3238,67.3755],[11.3457,67.3465],[11.3514,67.3395],[11.3592,67.3311],[11.6675,67.0156],[11.8588,66.8154],[11.6539,66.7238],[11.6337,66.7142],[11.6202,66.7069],[11.6076,66.6995],[11.5958,66.6918],[11.585,66.684],[11.575,66.6759],[11.566,66.6677],[11.5222,66.6252],[11.2978,66.4045],[11.0933,66.1997],[11.0838,66.1894],[11.0772,66.1808],[11.0716,66.1722],[10.9539,65.9714],[10.9029,65.8834],[10.7987,65.7018],[10.675,65.5724],[10.6419,65.5376],[10.6089,65.5027],[10.5781,65.4702],[11.0214,65.3944],[11.4004,65.2957],[11.486,65.2369],[11.6576,65.1983],[11.8362,65.1579],[11.9155,65.1604],[11.9388,65.1489],[11.9461,65.1489],[11.9437,65.1463],[11.9447,65.1441],[11.9425,65.1433],[11.9443,65.1409],[11.9401,65.1375],[11.9359,65.1266],[11.9496,65.1185],[11.9602,65.1168],[11.9462,65.1098],[11.9209,65.0997],[11.9261,65.0967],[11.923,65.0957],[11.9245,65.093],[11.9171,65.0799],[11.8992,65.0763],[11.8942,65.0714],[11.8802,65.0687],[11.8786,65.0664],[11.9074,65.0663],[11.9243,65.0679],[11.9421,65.0674],[11.9515,65.0731],[11.9539,65.0761],[11.9596,65.0778],[11.9657,65.0752],[11.9732,65.0735],[11.9804,65.071],[11.9843,65.0706],[11.9841,65.068],[12.0283,65.0683],[12.0352,65.0674],[12.0404,65.0676],[12.0489,65.0669],[12.0488,65.0656],[12.0444,65.061],[12.0454,65.0561],[12.0377,65.0477],[12.0367,65.044],[12.0393,65.0393],[12.0401,65.0348],[12.036,65.0301],[12.041,65.0298],[12.0436,65.0242],[12.0496,65.0151],[12.0551,65.0142],[12.0586,65.0129],[12.0655,65.0128],[12.0698,65.0104],[12.0728,65.0055],[12.0768,65.0052],[12.0791,65.0023],[12.0851,64.9999],[12.1141,65.0043],[12.1317,64.999],[12.12,65.0129],[12.1241,65.0125],[12.1262,65.0175],[12.1343,65.0218],[12.1499,65.0189],[12.1526,65.0172],[12.1531,65.015],[12.1614,65.0064],[12.1916,64.9991],[12.1833,64.9938],[12.1798,64.9899],[12.1808,64.9823],[12.1888,64.9775],[12.2054,64.9725],[12.2105,64.9736],[12.2199,64.971],[12.238,64.968],[12.2477,64.9714],[12.2602,64.9643],[12.2768,64.9598],[12.2897,64.9636],[12.307,64.9683],[12.3122,64.97],[12.3494,64.9804],[12.3678,64.9853],[12.3709,64.9864],[12.3892,64.9912],[12.4082,64.9927],[12.4235,64.9916],[12.4518,64.988],[12.4655,64.9827],[12.4726,64.9842],[12.4774,64.9842],[12.484,64.9829],[12.5049,64.9775],[12.5078,64.9771],[12.5212,64.9782],[12.5559,64.9889],[12.5613,64.9903],[12.5809,64.9871],[12.5858,64.9691],[12.5872,64.9625],[12.6054,64.9525],[12.6123,64.9485],[12.6287,64.9395],[12.6477,64.9444],[12.6546,64.9459],[12.7085,64.9522],[12.7151,64.9526],[12.7281,64.9483],[12.7479,64.9428],[12.7683,64.9408],[12.7913,64.9534],[12.7747,64.9755],[12.907,64.9742],[12.9342,64.9846],[12.9481,65],[12.9461,65.0018],[12.9351,65.006],[12.9306,65.0102],[12.9217,65.0139],[12.911,65.0171],[12.9079,65.0291],[12.9299,65.0388],[12.9676,65.0329],[12.996,65.0684],[13.0076,65.0701],[13.022,65.0727],[13.0364,65.0732],[13.0461,65.0742],[13.0532,65.0738],[13.0854,65.11],[13.1525,65.1159],[13.2171,65.1106],[13.2348,65.1092],[13.304,65.1021],[13.4112,65.0991],[13.5083,65.1135],[13.5298,65.1167],[13.5513,65.1148],[13.5653,65.1132],[13.6047,65.1084],[13.6289,65.1053],[13.6611,65.1083],[13.7078,65.1123],[13.7097,65.1126],[13.7805,65.1106],[13.8144,65.1154],[13.8302,65.1175],[13.8341,65.1183],[13.9023,65.1186],[13.9316,65.1187],[13.9489,65.1268],[13.9585,65.1271],[13.9901,65.1284],[14.0122,65.1295],[14.0269,65.1273],[14.0639,65.122],[14.1086,65.1286],[14.1454,65.1355],[14.1643,65.1392],[14.1702,65.1386],[14.1754,65.1372],[14.1837,65.1333],[14.1915,65.1311],[14.2309,65.1316],[14.2525,65.1314],[14.2595,65.1239],[14.2638,65.1236],[14.2778,65.1239],[14.2967,65.1151],[14.3166,65.1215],[14.326,65.1189],[14.3556,65.1938],[14.3788,65.2476],[14.5068,65.3097],[14.502,65.3739],[14.5007,65.4442],[14.4988,65.5213],[14.5142,65.5843],[14.5214,65.613],[14.5299,65.6502],[14.5415,65.7008],[14.6005,65.7794],[14.6255,65.8118],[14.6023,65.8622],[14.5844,65.9013],[14.5731,65.9579],[14.5509,66.0221],[14.5456,66.0418],[14.5288,66.0956],[14.5163,66.1326],[14.6838,66.139],[14.8044,66.1438],[14.8637,66.146],[14.9175,66.1486],[15.0357,66.1536],[15.1268,66.1801],[15.1954,66.2],[15.2292,66.2101],[15.3056,66.2327],[15.4847,66.2825],[15.4539,66.3453],[15.4304,66.3922],[15.4086,66.4301],[15.3772,66.4843],[15.4511,66.524],[15.5334,66.5579],[15.6214,66.5943],[15.697,66.6521],[15.7164,66.667],[15.7357,66.6815],[15.8076,66.7355],[15.9068,66.8075],[15.9936,66.8732],[16.0388,66.9124],[16.1293,66.9533],[16.194,66.9826],[16.3064,67.0188],[16.3878,67.0455],[16.3909,67.0841],[16.3936,67.1096],[16.3983,67.1579],[16.4014,67.1805],[16.4041,67.205],[16.33,67.262],[16.2646,67.3097],[16.18,67.3712],[16.0898,67.4353],[16.1131,67.464],[16.158,67.5192],[16.2856,67.528],[16.4076,67.534],[16.4949,67.5945],[16.5563,67.6472],[16.5805,67.68],[16.601,67.7111],[16.6379,67.767],[16.6789,67.8244],[16.7247,67.894],[16.7381,67.9142],[16.7861,67.9299],[16.8334,67.9452],[16.9298,67.9773],[17.0472,68.0121],[17.1805,68.0505],[17.2526,68.1016],[17.2815,68.1188],[17.3523,68.1042],[17.4406,68.0861],[17.4954,68.0748],[17.6647,68.0384],[17.7898,68.0017],[17.8998,67.9694],[17.9738,68.037],[18.0523,68.1082],[18.0958,68.1462],[18.1514,68.1988],[18.1389,68.249],[18.1357,68.2598],[18.1269,68.2944],[18.1146,68.3405],[18.1076,68.3742],[18.1011,68.406],[18.1059,68.4307],[18.1177,68.4898],[18.1259,68.5365],[18.1165,68.5425],[18.1001,68.5545],[18.0817,68.567],[18.0627,68.5808],[18.0548,68.5858],[18.0392,68.5973],[18.0233,68.6085],[18.0148,68.6074],[17.9635,68.6072],[17.9593,68.6074],[17.9335,68.6059],[17.8452,68.602],[17.7976,68.5998],[17.7457,68.5975],[17.651,68.5973],[17.5476,68.597],[17.3377,68.5625]]]},"properties":{"fylke":"Nordland","fnr":"18"}},
{"type":"Feature","geometry":{"type":"Polygon","coordinates":[[[11.7105,59.0337],[11.7189,59.0379],[11.7217,59.0389],[11.7229,59.041],[11.7279,59.0438],[11.731,59.0476],[11.7354,59.0502],[11.7364,59.0519],[11.7427,59.0582],[11.7487,59.067],[11.7565,59.0737],[11.7601,59.0757],[11.7636,59.0788],[11.7711,59.0838],[11.7717,59.0852],[11.775,59.0864],[11.7762,59.088],[11.7769,59.0923],[11.7766,59.0976],[11.781,59.0993],[11.7761,59.1029],[11.7754,59.1062],[11.7731,59.1089],[11.7697,59.1109],[11.7684,59.1131],[11.7636,59.1145],[11.7664,59.1214],[11.7694,59.1267],[11.778,59.136],[11.7776,59.1402],[11.7761,59.1455],[11.7771,59.156],[11.7762,59.1593],[11.7767,59.1655],[11.7747,59.1707],[11.7764,59.1776],[11.7807,59.188],[11.7815,59.1929],[11.7839,59.1958],[11.782,59.2006],[11.7829,59.206],[11.7846,59.2092],[11.7875,59.211],[11.7943,59.2181],[11.796,59.2188],[11.7989,59.2239],[11.8119,59.232],[11.8261,59.2378],[11.8294,59.2404],[11.8298,59.2425],[11.8256,59.2654],[11.8213,59.2982],[11.8204,59.3049],[11.8215,59.3118],[11.8162,59.3447],[11.8084,59.3539],[11.7898,59.3711],[11.7916,59.3744],[11.7799,59.3865],[11.7741,59.4143],[11.7609,59.4286],[11.7599,59.4582],[11.7532,59.4794],[11.7469,59.4912],[11.7286,59.5112],[11.7037,59.5632],[11.6911,59.5895],[11.698,59.6088],[11.7185,59.6239],[11.717,59.6244],[11.7181,59.6347],[11.7189,59.654],[11.7219,59.6565],[11.723,59.6606],[11.7076,59.6649],[11.7021,59.6662],[11.6912,59.668],[11.6804,59.6693],[11.6735,59.6704],[11.661,59.6718],[11.6517,59.6717],[11.6459,59.6759],[11.6381,59.6751],[11.6305,59.6768],[11.6239,59.6772],[11.6283,59.6688],[11.6262,59.6658],[11.6185,59.6629],[11.6128,59.6601],[11.5987,59.6557],[11.5945,59.6523],[11.5898,59.6496],[11.5716,59.6435],[11.5675,59.6426],[11.5628,59.6448],[11.5578,59.6441],[11.5475,59.6445],[11.5383,59.6419],[11.532,59.6389],[11.5398,59.6323],[11.5429,59.6265],[11.5451,59.6208],[11.5454,59.6181],[11.533,59.6175],[11.5283,59.6167],[11.5287,59.6144],[11.5267,59.6134],[11.5289,59.6108],[11.5273,59.609],[11.523,59.608],[11.5195,59.6047],[11.5186,59.6014],[11.5106,59.599],[11.5054,59.5985],[11.5008,59.5968],[11.4967,59.5946],[11.4929,59.5936],[11.4834,59.5989],[11.4791,59.599],[11.4767,59.6011],[11.478,59.6039],[11.4774,59.61],[11.4773,59.6242],[11.4907,59.6228],[11.4975,59.6231],[11.5042,59.6252],[11.5013,59.6283],[11.5036,59.6293],[11.5024,59.6348],[11.4982,59.6383],[11.4821,59.6475],[11.4758,59.6578],[11.4666,59.6658],[11.458,59.6712],[11.4538,59.6728],[11.4483,59.6722],[11.4384,59.672],[11.4205,59.674],[11.4052,59.6817],[11.4022,59.6829],[11.3976,59.6866],[11.3907,59.6872],[11.3789,59.6927],[11.3736,59.6965],[11.3698,59.6971],[11.3675,59.6985],[11.3673,59.7034],[11.3664,59.7057],[11.3683,59.7094],[11.3653,59.713],[11.3669,59.7142],[11.3679,59.7182],[11.3696,59.7209],[11.3718,59.7223],[11.3731,59.7273],[11.3684,59.7299],[11.3644,59.7335],[11.3607,59.7395],[11.3602,59.7418],[11.3567,59.7433],[11.3509,59.7444],[11.3436,59.7489],[11.3436,59.7546],[11.3394,59.7538],[11.3323,59.7544],[11.3276,59.7573],[11.3213,59.7578],[11.3137,59.7589],[11.3078,59.7583],[11.3022,59.7585],[11.295,59.7595],[11.289,59.7612],[11.2844,59.7608],[11.2796,59.7615],[11.2723,59.7642],[11.2662,59.7645],[11.2619,59.767],[11.2596,59.7691],[11.2558,59.7701],[11.2527,59.7691],[11.2514,59.7656],[11.2479,59.7618],[11.2373,59.757],[11.2402,59.7533],[11.2435,59.7465],[11.2437,59.7427],[11.2417,59.7382],[11.2371,59.7327],[11.2357,59.7302],[11.2322,59.7206],[11.2301,59.7124],[11.2288,59.7055],[11.2282,59.6927],[11.2303,59.6827],[11.2145,59.6833],[11.2123,59.6827],[11.2042,59.6832],[11.198,59.6824],[11.1921,59.6852],[11.1856,59.6849],[11.1762,59.6835],[11.1726,59.6825],[11.1652,59.6827],[11.1532,59.6844],[11.1501,59.6857],[11.1477,59.6888],[11.1411,59.6946],[11.1376,59.6998],[11.135,59.7015],[11.1298,59.702],[11.1159,59.6971],[11.1088,59.6926],[11.1035,59.6915],[11.1006,59.693],[11.1003,59.6951],[11.1047,59.7025],[11.102,59.7033],[11.0887,59.6999],[11.085,59.7004],[11.0715,59.7],[11.0649,59.6983],[11.0522,59.6989],[11.0491,59.6944],[11.043,59.6919],[11.038,59.6915],[11.0329,59.6921],[11.0275,59.6943],[11.0191,59.6961],[11.0115,59.7003],[11.0098,59.7003],[10.999,59.7026],[10.994,59.7029],[10.9897,59.705],[10.9852,59.7048],[10.9754,59.7056],[10.97,59.7049],[10.9701,59.7026],[10.9681,59.6969],[10.9667,59.6948],[10.9586,59.6888],[10.9558,59.6842],[10.9558,59.6819],[10.9541,59.6806],[10.9534,59.6776],[10.9544,59.676],[10.9528,59.673],[10.9613,59.6716],[10.967,59.669],[10.9718,59.6678],[10.9711,59.6615],[10.9761,59.6612],[10.9809,59.6601],[10.9845,59.6608],[10.9839,59.6579],[10.9812,59.6564],[10.9772,59.6514],[10.9729,59.6505],[10.9673,59.6459],[10.971,59.6452],[10.9686,59.6422],[10.9629,59.645],[10.9634,59.6411],[10.9614,59.6386],[10.9609,59.6355],[10.958,59.636],[10.9563,59.6399],[10.951,59.6406],[10.95,59.6442],[10.9407,59.6449],[10.9423,59.6469],[10.9383,59.6473],[10.9371,59.6454],[10.9383,59.6417],[10.9363,59.6393],[10.9321,59.6392],[10.9357,59.6329],[10.9353,59.6315],[10.9316,59.63],[10.9218,59.6278],[10.9172,59.629],[10.9158,59.6315],[10.9128,59.6315],[10.9107,59.6284],[10.9111,59.6235],[10.9067,59.6218],[10.9068,59.6203],[10.8932,59.622],[10.8905,59.623],[10.8859,59.6189],[10.8799,59.6187],[10.8794,59.6165],[10.8807,59.6148],[10.8891,59.6116],[10.8898,59.6068],[10.8874,59.6065],[10.8835,59.6044],[10.8738,59.6054],[10.8679,59.6074],[10.8654,59.6046],[10.8686,59.6008],[10.8708,59.5956],[10.8684,59.594],[10.8586,59.5923],[10.8601,59.5905],[10.855,59.5861],[10.8491,59.5856],[10.8438,59.5859],[10.8479,59.5834],[10.8469,59.5805],[10.8444,59.5788],[10.8518,59.5782],[10.8463,59.5757],[10.8448,59.5718],[10.8467,59.5696],[10.843,59.5687],[10.8344,59.5658],[10.8243,59.5654],[10.8193,59.5623],[10.813,59.5624],[10.8055,59.5644],[10.7983,59.5621],[10.7974,59.5602],[10.7874,59.5582],[10.7853,59.5567],[10.7738,59.5529],[10.7713,59.5516],[10.773,59.549],[10.7784,59.5486],[10.7846,59.5471],[10.7804,59.5445],[10.7826,59.5439],[10.7826,59.5417],[10.7866,59.5355],[10.7826,59.5291],[10.7803,59.5269],[10.7819,59.5258],[10.779,59.5207],[10.7776,59.5169],[10.7723,59.5102],[10.7724,59.5082],[10.7745,59.5012],[10.7787,59.4969],[10.7777,59.4952],[10.7676,59.4946],[10.7639,59.4938],[10.7597,59.4955],[10.7568,59.4931],[10.7474,59.4922],[10.7485,59.4881],[10.753,59.4847],[10.7437,59.4818],[10.7416,59.4791],[10.7361,59.4758],[10.7282,59.4723],[10.7259,59.4719],[10.7204,59.4737],[10.7175,59.477],[10.714,59.4779],[10.7121,59.4813],[10.7096,59.4886],[10.7083,59.4905],[10.6961,59.4934],[10.6935,59.4908],[10.6796,59.4883],[10.6673,59.5024],[10.6593,59.5172],[10.6379,59.5281],[10.6164,59.5346],[10.5431,59.4573],[10.5367,59.4328],[10.544,59.4123],[10.5842,59.3931],[10.5953,59.3741],[10.5944,59.3562],[10.5782,59.3409],[10.5908,59.2972],[10.5903,59.2685],[10.605,59.2523],[10.6416,59.2029],[10.6551,59.192],[10.651,59.1328],[10.6227,59.1117],[10.675,59.0453],[10.6604,59.0248],[10.6285,58.9546],[10.5931,58.761],[10.6389,58.8923],[10.7565,58.9134],[10.9179,58.9423],[10.9832,58.9604],[11.0664,58.9774],[11.0924,58.9918],[11.1171,59.0151],[11.1535,59.0793],[11.2249,59.0876],[11.2461,59.0929],[11.2583,59.0961],[11.271,59.0977],[11.289,59.0996],[11.3025,59.1062],[11.3399,59.115],[11.3684,59.0984],[11.3893,59.0771],[11.4142,59.0397],[11.4312,59.0279],[11.4426,59.0135],[11.4646,58.9912],[11.4564,58.9862],[11.4539,58.9855],[11.4623,58.9731],[11.4597,58.9525],[11.4637,58.9333],[11.4563,58.9166],[11.4565,58.895],[11.4574,58.8884],[11.4607,58.8897],[11.4829,58.8915],[11.4893,58.8908],[11.4917,58.8891],[11.5001,58.8894],[11.5163,58.8816],[11.5171,58.8797],[11.5263,58.8769],[11.5292,58.8771],[11.533,58.8791],[11.5364,58.8774],[11.539,58.8802],[11.5381,58.8833],[11.5344,58.8848],[11.5423,58.8881],[11.5453,58.8939],[11.5487,58.8954],[11.5512,58.898],[11.5537,58.899],[11.5577,58.898],[11.5612,58.8961],[11.5642,58.8925],[11.5701,58.8885],[11.5726,58.8879],[11.5752,58.8914],[11.5767,58.8968],[11.5785,58.8973],[11.5827,58.8941],[11.5848,58.8946],[11.5906,58.8907],[11.6071,58.898],[11.6263,58.9055],[11.6313,58.9086],[11.652,58.9062],[11.6568,58.9215],[11.6566,58.9253],[11.6575,58.9269],[11.6616,58.9276],[11.6582,58.9309],[11.6588,58.9322],[11.6643,58.9347],[11.6757,58.9349],[11.676,58.9365],[11.6733,58.941],[11.6774,58.9453],[11.682,58.9475],[11.6813,58.9504],[11.6828,58.9525],[11.6879,58.9555],[11.6892,58.9579],[11.6884,58.9599],[11.6866,58.9699],[11.6893,58.9724],[11.686,58.9728],[11.6844,58.9744],[11.6889,58.9771],[11.6929,58.9773],[11.6929,58.9802],[11.6912,58.9821],[11.692,58.9851],[11.6856,58.9873],[11.6839,58.99],[11.6893,58.9912],[11.6946,58.9963],[11.6925,58.9979],[11.6981,59.0001],[11.7054,59.0154],[11.7105,59.0337]]]},"properties":{"fylke":"Østfold","fnr":"31"}},
{"type":"Feature","geometry":{"type":"Polygon","coordinates":[[[10.4892,60.0173],[10.4777,60.0322],[10.4692,60.0295],[10.4546,60.0322],[10.445,60.0301],[10.4354,60.0299],[10.4341,60.025],[10.4356,60.0193],[10.4345,60.0177],[10.4348,60.0135],[10.417,60.008],[10.4125,60.0031],[10.4154,60.0019],[10.4178,59.9972],[10.4208,59.9938],[10.4198,59.9928],[10.4223,59.9877],[10.4211,59.9861],[10.414,59.9825],[10.403,59.9792],[10.3969,59.9797],[10.3918,59.979],[10.389,59.9821],[10.3819,59.9795],[10.3806,59.9758],[10.3722,59.9728],[10.371,59.9712],[10.3581,59.968],[10.3571,59.9655],[10.3529,59.9638],[10.3529,59.9626],[10.3498,59.9603],[10.3497,59.9574],[10.3509,59.9532],[10.3483,59.9513],[10.3501,59.9478],[10.3551,59.9415],[10.3586,59.939],[10.3629,59.9375],[10.3718,59.9298],[10.3759,59.9222],[10.3763,59.9159],[10.3773,59.9113],[10.3716,59.9099],[10.363,59.9059],[10.3633,59.8993],[10.3621,59.8947],[10.3588,59.8889],[10.3572,59.8886],[10.352,59.8851],[10.354,59.8814],[10.3513,59.8791],[10.3521,59.8777],[10.3495,59.8765],[10.3413,59.8762],[10.3396,59.8751],[10.3285,59.8739],[10.329,59.8711],[10.3313,59.8689],[10.3325,59.8612],[10.3315,59.8554],[10.3335,59.8489],[10.3365,59.8486],[10.3375,59.8465],[10.344,59.8426],[10.3449,59.8398],[10.3504,59.8394],[10.3512,59.8352],[10.3507,59.8316],[10.3529,59.8263],[10.3509,59.8222],[10.3516,59.8156],[10.355,59.8115],[10.3533,59.8094],[10.3565,59.8042],[10.3515,59.8007],[10.3441,59.7968],[10.3426,59.794],[10.3395,59.7945],[10.3313,59.7971],[10.3267,59.7948],[10.3226,59.7937],[10.3288,59.7863],[10.3306,59.7848],[10.3314,59.7818],[10.3283,59.7802],[10.3248,59.7764],[10.323,59.7759],[10.3202,59.773],[10.3172,59.7725],[10.3152,59.7701],[10.3111,59.7687],[10.3117,59.7671],[10.3104,59.7637],[10.3172,59.763],[10.3179,59.7609],[10.3169,59.7566],[10.3157,59.7551],[10.3179,59.754],[10.3215,59.75],[10.3199,59.7472],[10.3195,59.7427],[10.3214,59.7394],[10.3201,59.7385],[10.3203,59.7352],[10.319,59.7273],[10.3196,59.7261],[10.3133,59.7223],[10.2901,59.7161],[10.2929,59.713],[10.3011,59.7084],[10.3145,59.7036],[10.3234,59.7019],[10.3635,59.6977],[10.4104,59.6671],[10.4101,59.6455],[10.4245,59.6253],[10.412,59.618],[10.4108,59.6092],[10.4233,59.6004],[10.4235,59.5982],[10.4116,59.5851],[10.4178,59.5672],[10.398,59.5304],[10.3937,59.5147],[10.4558,59.4799],[10.5431,59.4573],[10.6164,59.5346],[10.6379,59.5281],[10.6593,59.5172],[10.6673,59.5024],[10.6796,59.4883],[10.6935,59.4908],[10.6961,59.4934],[10.7083,59.4905],[10.7096,59.4886],[10.7121,59.4813],[10.714,59.4779],[10.7175,59.477],[10.7204,59.4737],[10.7259,59.4719],[10.7282,59.4723],[10.7361,59.4758],[10.7416,59.4791],[10.7437,59.4818],[10.753,59.4847],[10.7485,59.4881],[10.7474,59.4922],[10.7568,59.4931],[10.7597,59.4955],[10.7639,59.4938],[10.7676,59.4946],[10.7777,59.4952],[10.7787,59.4969],[10.7745,59.5012],[10.7724,59.5082],[10.7723,59.5102],[10.7776,59.5169],[10.779,59.5207],[10.7819,59.5258],[10.7803,59.5269],[10.7826,59.5291],[10.7866,59.5355],[10.7826,59.5417],[10.7826,59.5439],[10.7804,59.5445],[10.7846,59.5471],[10.7784,59.5486],[10.773,59.549],[10.7713,59.5516],[10.7738,59.5529],[10.7853,59.5567],[10.7874,59.5582],[10.7974,59.5602],[10.7983,59.5621],[10.8055,59.5644],[10.813,59.5624],[10.8193,59.5623],[10.8243,59.5654],[10.8344,59.5658],[10.843,59.5687],[10.8467,59.5696],[10.8448,59.5718],[10.8463,59.5757],[10.8518,59.5782],[10.8444,59.5788],[10.8469,59.5805],[10.8479,59.5834],[10.8438,59.5859],[10.8491,59.5856],[10.855,59.5861],[10.8601,59.5905],[10.8586,59.5923],[10.8684,59.594],[10.8708,59.5956],[10.8686,59.6008],[10.8654,59.6046],[10.8679,59.6074],[10.8738,59.6054],[10.8835,59.6044],[10.8874,59.6065],[10.8898,59.6068],[10.8891,59.6116],[10.8807,59.6148],[10.8794,59.6165],[10.8799,59.6187],[10.8859,59.6189],[10.8905,59.623],[10.8932,59.622],[10.9068,59.6203],[10.9067,59.6218],[10.9111,59.6235],[10.9107,59.6284],[10.9128,59.6315],[10.9158,59.6315],[10.9172,59.629],[10.9218,59.6278],[10.9316,59.63],[10.9353,59.6315],[10.9357,59.6329],[10.9321,59.6392],[10.9363,59.6393],[10.9383,59.6417],[10.9371,59.6454],[10.9383,59.6473],[10.9423,59.6469],[10.9407,59.6449],[10.95,59.6442],[10.951,59.6406],[10.9563,59.6399],[10.958,59.636],[10.9609,59.6355],[10.9614,59.6386],[10.9634,59.6411],[10.9629,59.645],[10.9686,59.6422],[10.971,59.6452],[10.9673,59.6459],[10.9729,59.6505],[10.9772,59.6514],[10.9812,59.6564],[10.9839,59.6579],[10.9845,59.6608],[10.9809,59.6601],[10.9761,59.6612],[10.9711,59.6615],[10.9718,59.6678],[10.967,59.669],[10.9613,59.6716],[10.9528,59.673],[10.9544,59.676],[10.9534,59.6776],[10.9541,59.6806],[10.9558,59.6819],[10.9558,59.6842],[10.9586,59.6888],[10.9667,59.6948],[10.9681,59.6969],[10.9701,59.7026],[10.97,59.7049],[10.9754,59.7056],[10.9852,59.7048],[10.9897,59.705],[10.994,59.7029],[10.999,59.7026],[11.0098,59.7003],[11.0115,59.7003],[11.0191,59.6961],[11.0275,59.6943],[11.0329,59.6921],[11.038,59.6915],[11.043,59.6919],[11.0491,59.6944],[11.0522,59.6989],[11.0649,59.6983],[11.0715,59.7],[11.085,59.7004],[11.0887,59.6999],[11.102,59.7033],[11.1047,59.7025],[11.1003,59.6951],[11.1006,59.693],[11.1035,59.6915],[11.1088,59.6926],[11.1159,59.6971],[11.1298,59.702],[11.135,59.7015],[11.1376,59.6998],[11.1411,59.6946],[11.1477,59.6888],[11.1501,59.6857],[11.1532,59.6844],[11.1652,59.6827],[11.1726,59.6825],[11.1762,59.6835],[11.1856,59.6849],[11.1921,59.6852],[11.198,59.6824],[11.2042,59.6832],[11.2123,59.6827],[11.2145,59.6833],[11.2303,59.6827],[11.2282,59.6927],[11.2288,59.7055],[11.2301,59.7124],[11.2322,59.7206],[11.2357,59.7302],[11.2371,59.7327],[11.2417,59.7382],[11.2437,59.7427],[11.2435,59.7465],[11.2402,59.7533],[11.2373,59.757],[11.2479,59.7618],[11.2514,59.7656],[11.2527,59.7691],[11.2558,59.7701],[11.2596,59.7691],[11.2619,59.767],[11.2662,59.7645],[11.2723,59.7642],[11.2796,59.7615],[11.2844,59.7608],[11.289,59.7612],[11.295,59.7595],[11.3022,59.7585],[11.3078,59.7583],[11.3137,59.7589],[11.3213,59.7578],[11.3276,59.7573],[11.3323,59.7544],[11.3394,59.7538],[11.3436,59.7546],[11.3436,59.7489],[11.3509,59.7444],[11.3567,59.7433],[11.3602,59.7418],[11.3607,59.7395],[11.3644,59.7335],[11.3684,59.7299],[11.3731,59.7273],[11.3718,59.7223],[11.3696,59.7209],[11.3679,59.7182],[11.3669,59.7142],[11.3653,59.713],[11.3683,59.7094],[11.3664,59.7057],[11.3673,59.7034],[11.3675,59.6985],[11.3698,59.6971],[11.3736,59.6965],[11.3789,59.6927],[11.3907,59.6872],[11.3976,59.6866],[11.4022,59.6829],[11.4052,59.6817],[11.4205,59.674],[11.4384,59.672],[11.4483,59.6722],[11.4538,59.6728],[11.458,59.6712],[11.4666,59.6658],[11.4758,59.6578],[11.4821,59.6475],[11.4982,59.6383],[11.5024,59.6348],[11.5036,59.6293],[11.5013,59.6283],[11.5042,59.6252],[11.4975,59.6231],[11.4907,59.6228],[11.4773,59.6242],[11.4774,59.61],[11.478,59.6039],[11.4767,59.6011],[11.4791,59.599],[11.4834,59.5989],[11.4929,59.5936],[11.4967,59.5946],[11.5008,59.5968],[11.5054,59.5985],[11.5106,59.599],[11.5186,59.6014],[11.5195,59.6047],[11.523,59.608],[11.5273,59.609],[11.5289,59.6108],[11.5267,59.6134],[11.5287,59.6144],[11.5283,59.6167],[11.533,59.6175],[11.5454,59.6181],[11.5451,59.6208],[11.5429,59.6265],[11.5398,59.6323],[11.532,59.6389],[11.5383,59.6419],[11.5475,59.6445],[11.5578,59.6441],[11.5628,59.6448],[11.5675,59.6426],[11.5716,59.6435],[11.5898,59.6496],[11.5945,59.6523],[11.5987,59.6557],[11.6128,59.6601],[11.6185,59.6629],[11.6262,59.6658],[11.6283,59.6688],[11.6239,59.6772],[11.6305,59.6768],[11.6381,59.6751],[11.6459,59.6759],[11.6517,59.6717],[11.661,59.6718],[11.6735,59.6704],[11.6804,59.6693],[11.6912,59.668],[11.7021,59.6662],[11.7076,59.6649],[11.723,59.6606],[11.7219,59.6565],[11.7189,59.654],[11.7181,59.6347],[11.717,59.6244],[11.7185,59.6239],[11.7206,59.6255],[11.7613,59.6373],[11.7789,59.643],[11.8557,59.6483],[11.8624,59.6527],[11.8703,59.6625],[11.8752,59.6725],[11.878,59.6828],[11.8892,59.6932],[11.9399,59.6946],[11.9422,59.6975],[11.9449,59.6982],[11.9455,59.7007],[11.9383,59.6996],[11.937,59.7027],[11.9379,59.7043],[11.9375,59.7087],[11.9336,59.7105],[11.9363,59.7131],[11.9368,59.7178],[11.9361,59.7266],[11.9375,59.7286],[11.9326,59.7302],[11.9339,59.7315],[11.9322,59.7363],[11.933,59.7397],[11.9292,59.7418],[11.9254,59.7457],[11.9232,59.7496],[11.9254,59.7533],[11.9284,59.7545],[11.9326,59.7576],[11.9336,59.7604],[11.9292,59.762],[11.9317,59.7631],[11.9328,59.7675],[11.9306,59.7717],[11.9314,59.7739],[11.9279,59.7801],[11.9258,59.7857],[11.927,59.7906],[11.926,59.794],[11.9162,59.7983],[11.9088,59.8029],[11.9063,59.806],[11.9045,59.8113],[11.8945,59.816],[11.8912,59.8187],[11.8883,59.8224],[11.8855,59.8243],[11.8752,59.8288],[11.8701,59.8286],[11.8616,59.83],[11.8582,59.8296],[11.853,59.8304],[11.8508,59.8325],[11.8413,59.8385],[11.8397,59.8408],[11.834,59.8424],[11.834,59.8457],[11.8382,59.8468],[11.8366,59.8497],[11.8333,59.8502],[11.8334,59.8535],[11.8358,59.8565],[11.8366,59.8598],[11.8357,59.8632],[11.8327,59.8676],[11.8275,59.8692],[11.8251,59.8713],[11.8207,59.8737],[11.825,59.8799],[11.8219,59.8822],[11.817,59.8837],[11.8171,59.8862],[11.8202,59.8892],[11.8227,59.8928],[11.8179,59.8915],[11.8124,59.8924],[11.8131,59.8947],[11.8048,59.8988],[11.8081,59.9019],[11.8051,59.9113],[11.807,59.9129],[11.8046,59.9145],[11.8054,59.9172],[11.8028,59.9197],[11.8082,59.9214],[11.8128,59.924],[11.8179,59.9287],[11.8211,59.9305],[11.8169,59.9331],[11.8192,59.9355],[11.814,59.941],[11.8087,59.9427],[11.8087,59.9471],[11.8041,59.9491],[11.7934,59.9556],[11.7955,59.9652],[11.7973,59.9683],[11.803,59.9749],[11.8061,59.9777],[11.8081,59.9845],[11.8107,59.9891],[11.8143,59.9903],[11.8179,59.9936],[11.8203,59.9944],[11.829,59.9945],[11.8329,59.996],[11.8346,59.998],[11.8367,60.0055],[11.8382,60.0085],[11.8357,60.0121],[11.8393,60.0161],[11.8302,60.0183],[11.8194,60.0236],[11.8222,60.0299],[11.8225,60.0357],[11.8222,60.0421],[11.8227,60.0441],[11.8223,60.0521],[11.8171,60.0567],[11.8166,60.0586],[11.8079,60.0529],[11.7915,60.0478],[11.7903,60.0496],[11.7865,60.0522],[11.7887,60.055],[11.7886,60.0596],[11.7858,60.0666],[11.7897,60.0686],[11.7908,60.0721],[11.7862,60.0726],[11.7846,60.077],[11.7818,60.0778],[11.782,60.0799],[11.7793,60.0831],[11.7781,60.0897],[11.773,60.0923],[11.7645,60.0922],[11.7638,60.0947],[11.7596,60.0949],[11.7534,60.0964],[11.7492,60.0968],[11.7353,60.0961],[11.7321,60.0973],[11.7256,60.1015],[11.7215,60.1026],[11.7166,60.1017],[11.7141,60.1037],[11.7038,60.1066],[11.6989,60.1089],[11.698,60.1113],[11.69,60.1122],[11.6764,60.1151],[11.6619,60.1207],[11.6594,60.1221],[11.655,60.1221],[11.6472,60.1263],[11.6402,60.1292],[11.6346,60.1333],[11.6261,60.1371],[11.6229,60.1425],[11.615,60.1461],[11.599,60.1564],[11.5922,60.1596],[11.5891,60.1619],[11.5905,60.1673],[11.5848,60.1728],[11.58,60.1745],[11.5728,60.1732],[11.5669,60.1753],[11.5624,60.176],[11.5605,60.1784],[11.5601,60.1816],[11.5644,60.1863],[11.5732,60.191],[11.5776,60.1963],[11.576,60.1974],[11.5799,60.2],[11.5839,60.2043],[11.5832,60.2074],[11.5848,60.2108],[11.5823,60.2146],[11.5836,60.2169],[11.5834,60.221],[11.5845,60.2232],[11.5826,60.2277],[11.58,60.23],[11.5815,60.2322],[11.5801,60.2342],[11.5809,60.2373],[11.5843,60.2416],[11.5871,60.2426],[11.5876,60.2448],[11.5953,60.2485],[11.5997,60.2557],[11.5971,60.2605],[11.5983,60.2632],[11.6019,60.2673],[11.5953,60.2688],[11.5925,60.2706],[11.5828,60.2744],[11.5688,60.2784],[11.5603,60.2796],[11.5576,60.2812],[11.5491,60.2845],[11.5203,60.2954],[11.5161,60.2982],[11.5149,60.3009],[11.5054,60.3097],[11.5018,60.3121],[11.4937,60.3164],[11.4891,60.3199],[11.4744,60.332],[11.4647,60.3316],[11.4519,60.3327],[11.4446,60.3367],[11.4326,60.3396],[11.4313,60.344],[11.4288,60.3469],[11.4219,60.3524],[11.4183,60.3606],[11.4194,60.3634],[11.4185,60.3677],[11.4089,60.3736],[11.4023,60.3766],[11.3928,60.3893],[11.3893,60.3953],[11.3877,60.4025],[11.3861,60.405],[11.377,60.4152],[11.3688,60.4271],[11.3523,60.4489],[11.3422,60.4588],[11.3272,60.4609],[11.3201,60.4617],[11.3089,60.4654],[11.2972,60.4687],[11.2941,60.4711],[11.2749,60.4848],[11.2562,60.4918],[11.2521,60.495],[11.2464,60.4959],[11.2421,60.4984],[11.2373,60.4992],[11.2345,60.5004],[11.2246,60.5024],[11.2096,60.5049],[11.2145,60.5207],[11.2191,60.5423],[11.2147,60.5638],[11.1851,60.5855],[11.1567,60.603],[11.154,60.6051],[11.133,60.5967],[11.1243,60.5898],[11.1187,60.5839],[11.1189,60.5824],[11.1161,60.576],[11.1166,60.5744],[11.1135,60.573],[11.1085,60.5695],[11.1086,60.5657],[11.113,60.5614],[11.1101,60.5576],[11.1077,60.5599],[11.1048,60.5595],[11.1035,60.5562],[11.1049,60.5526],[11.1018,60.5499],[11.0972,60.5359],[11.098,60.5323],[11.0967,60.5273],[11.101,60.5263],[11.0991,60.5218],[11.0926,60.5168],[11.0721,60.5183],[11.0671,60.5187],[11.0369,60.5108],[10.9936,60.4999],[10.9908,60.4996],[10.9871,60.4976],[10.9822,60.5004],[10.9784,60.4983],[10.9697,60.4946],[10.9502,60.4889],[10.9446,60.4874],[10.9486,60.4864],[10.952,60.4871],[10.9545,60.4845],[10.9499,60.4785],[10.9401,60.4749],[10.9371,60.4757],[10.9333,60.4741],[10.9289,60.4764],[10.9264,60.4759],[10.9256,60.4727],[10.9226,60.4706],[10.9155,60.4748],[10.8711,60.4768],[10.8651,60.4795],[10.8589,60.4798],[10.8527,60.4789],[10.8436,60.4784],[10.8342,60.4785],[10.802,60.4877],[10.797,60.4881],[10.7873,60.4897],[10.7804,60.489],[10.7718,60.4922],[10.7668,60.4935],[10.7603,60.494],[10.7544,60.497],[10.734,60.5105],[10.7268,60.5171],[10.7133,60.5242],[10.7111,60.5222],[10.7118,60.516],[10.7086,60.5131],[10.7089,60.5104],[10.7127,60.5032],[10.7116,60.502],[10.7113,60.4972],[10.6924,60.492],[10.704,60.4645],[10.7102,60.454],[10.6895,60.4474],[10.672,60.4339],[10.6873,60.4308],[10.7203,60.4343],[10.7675,60.4262],[10.7767,60.426],[10.809,60.4242],[10.8195,60.4274],[10.8922,60.4003],[10.9031,60.3963],[10.8993,60.3937],[10.8982,60.3909],[10.9009,60.3849],[10.8998,60.3832],[10.9023,60.3798],[10.9021,60.3781],[10.9131,60.3704],[10.9257,60.3532],[10.9304,60.3513],[10.9339,60.3467],[10.9241,60.3414],[10.9072,60.3327],[10.8828,60.3187],[10.8804,60.3184],[10.8734,60.3211],[10.8723,60.3208],[10.8647,60.3139],[10.8505,60.3138],[10.783,60.3135],[10.7631,60.3141],[10.7198,60.3295],[10.7219,60.3335],[10.7235,60.334],[10.7195,60.3383],[10.7138,60.339],[10.711,60.3382],[10.7074,60.3355],[10.7073,60.3326],[10.7038,60.3297],[10.6943,60.3314],[10.6877,60.3289],[10.6865,60.3265],[10.6815,60.3274],[10.6793,60.3259],[10.6705,60.3278],[10.6677,60.3267],[10.6434,60.3232],[10.6395,60.3259],[10.6332,60.3257],[10.6302,60.3238],[10.6291,60.3209],[10.6179,60.3191],[10.6108,60.3154],[10.6096,60.3137],[10.6051,60.3131],[10.6017,60.3198],[10.6011,60.3223],[10.5905,60.3209],[10.5895,60.3193],[10.5851,60.3181],[10.5818,60.3196],[10.5814,60.323],[10.5788,60.3241],[10.57,60.324],[10.5668,60.322],[10.5593,60.3207],[10.5584,60.3246],[10.5561,60.3265],[10.5474,60.3276],[10.5442,60.3268],[10.5263,60.3253],[10.5277,60.3225],[10.5239,60.3219],[10.5198,60.3236],[10.5186,60.3252],[10.5016,60.3254],[10.4992,60.3243],[10.4907,60.3243],[10.4857,60.3238],[10.4848,60.3228],[10.4705,60.3224],[10.4643,60.3212],[10.4628,60.3195],[10.4575,60.3168],[10.4514,60.3164],[10.4413,60.3163],[10.4338,60.3152],[10.4285,60.3134],[10.4219,60.3126],[10.4156,60.3142],[10.4147,60.3181],[10.4083,60.3171],[10.3981,60.3164],[10.3916,60.3171],[10.3864,60.3166],[10.3835,60.317],[10.3663,60.321],[10.3653,60.3278],[10.3769,60.338],[10.3857,60.3558],[10.3885,60.3752],[10.355,60.3727],[10.3478,60.3694],[10.3412,60.3684],[10.3392,60.3662],[10.3343,60.3677],[10.2939,60.3824],[10.2648,60.3927],[10.2612,60.3936],[10.2476,60.3934],[10.235,60.3929],[10.2021,60.3923],[10.203,60.3948],[10.2074,60.3994],[10.1987,60.4003],[10.1943,60.4003],[10.1956,60.3935],[10.2003,60.3786],[10.1992,60.3755],[10.2105,60.3647],[10.2168,60.3601],[10.2204,60.3565],[10.2259,60.3484],[10.2318,60.3445],[10.238,60.3414],[10.2429,60.3349],[10.2436,60.3324],[10.2475,60.3258],[10.2561,60.3185],[10.2674,60.3063],[10.2723,60.3015],[10.2798,60.2936],[10.2867,60.2882],[10.3195,60.2632],[10.3153,60.2606],[10.3095,60.254],[10.3086,60.2496],[10.31,60.2452],[10.3174,60.2404],[10.3265,60.2363],[10.3266,60.234],[10.3313,60.2285],[10.3362,60.2259],[10.3449,60.223],[10.3471,60.2227],[10.3573,60.2169],[10.3607,60.2178],[10.3603,60.2207],[10.3631,60.2216],[10.3693,60.2209],[10.3747,60.2238],[10.3813,60.2204],[10.3831,60.2187],[10.3919,60.2176],[10.4195,60.208],[10.4312,60.2035],[10.4326,60.2023],[10.4452,60.1959],[10.4518,60.1921],[10.4546,60.1918],[10.4608,60.1886],[10.4674,60.1872],[10.4713,60.1852],[10.4769,60.1838],[10.4851,60.1795],[10.4873,60.1774],[10.4938,60.1764],[10.4952,60.1726],[10.5108,60.1714],[10.5132,60.1709],[10.5241,60.1721],[10.5261,60.1697],[10.5295,60.1688],[10.5341,60.1687],[10.5404,60.1661],[10.5452,60.1649],[10.5548,60.1648],[10.5607,60.1656],[10.5691,60.1556],[10.5722,60.1527],[10.5767,60.1509],[10.5884,60.1497],[10.5931,60.1465],[10.5969,60.1452],[10.598,60.1432],[10.5933,60.1418],[10.5956,60.1396],[10.5964,60.1365],[10.6004,60.1352],[10.6007,60.1316],[10.6039,60.1339],[10.6189,60.1351],[10.6473,60.1329],[10.6803,60.1335],[10.695,60.1272],[10.6964,60.1259],[10.7045,60.1252],[10.7038,60.1212],[10.7073,60.1194],[10.7156,60.1196],[10.7186,60.1214],[10.7236,60.1215],[10.7316,60.1237],[10.7324,60.125],[10.7371,60.1257],[10.7403,60.1253],[10.7437,60.1233],[10.7464,60.1232],[10.7512,60.1208],[10.7521,60.1184],[10.7677,60.1131],[10.7642,60.1103],[10.7571,60.1061],[10.7553,60.1038],[10.7553,60.0996],[10.7616,60.0981],[10.7645,60.0958],[10.7682,60.091],[10.7703,60.0871],[10.7723,60.0866],[10.7748,60.084],[10.7786,60.0772],[10.7819,60.0752],[10.7856,60.0693],[10.788,60.0676],[10.7963,60.0662],[10.8015,60.0659],[10.8079,60.0643],[10.8184,60.0651],[10.8198,60.0643],[10.8167,60.0566],[10.8174,60.0459],[10.818,60.0431],[10.817,60.0405],[10.8179,60.0377],[10.8128,60.0356],[10.812,60.0335],[10.8135,60.0293],[10.8117,60.0256],[10.813,60.0237],[10.8188,60.0183],[10.8222,60.0179],[10.8224,60.0204],[10.8241,60.0227],[10.8269,60.0232],[10.8292,60.0199],[10.832,60.0178],[10.8335,60.0113],[10.8331,60.0097],[10.837,60.007],[10.8388,59.9983],[10.8493,60.002],[10.8555,59.9982],[10.8578,59.9962],[10.866,59.995],[10.8679,59.9912],[10.8749,59.9877],[10.8761,59.9855],[10.8827,59.9846],[10.8932,59.9808],[10.9,59.9803],[10.9127,59.981],[10.9182,59.9846],[10.9257,59.9837],[10.9287,59.979],[10.9337,59.9742],[10.9373,59.97],[10.9381,59.9655],[10.9369,59.963],[10.9375,59.9609],[10.9402,59.9579],[10.9427,59.9528],[10.9459,59.9526],[10.9514,59.9492],[10.9424,59.9469],[10.9423,59.9455],[10.946,59.9432],[10.9408,59.9405],[10.9374,59.9395],[10.929,59.9348],[10.9214,59.9265],[10.9148,59.9116],[10.9119,59.9004],[10.9114,59.8968],[10.9076,59.885],[10.9099,59.8753],[10.9072,59.8699],[10.9093,59.8648],[10.9123,59.8601],[10.92,59.8537],[10.9265,59.8451],[10.9269,59.8425],[10.9312,59.8368],[10.9331,59.8366],[10.9352,59.8349],[10.9365,59.8317],[10.933,59.8313],[10.9274,59.8269],[10.9251,59.8277],[10.917,59.8278],[10.9106,59.826],[10.9011,59.8255],[10.8965,59.8238],[10.8968,59.822],[10.8918,59.821],[10.8918,59.8182],[10.8884,59.816],[10.8824,59.814],[10.8803,59.8114],[10.8755,59.8128],[10.8703,59.8133],[10.8632,59.8123],[10.8574,59.81],[10.8528,59.8099],[10.8479,59.8119],[10.8459,59.8169],[10.8377,59.816],[10.836,59.817],[10.8173,59.8181],[10.8151,59.823],[10.8125,59.8254],[10.8053,59.825],[10.7987,59.823],[10.7892,59.8234],[10.7836,59.8246],[10.7809,59.8259],[10.7768,59.8262],[10.7741,59.8242],[10.7708,59.8251],[10.7648,59.8295],[10.7616,59.8305],[10.744,59.8393],[10.731,59.8772],[10.689,59.8759],[10.6581,59.8844],[10.6478,59.9094],[10.6425,59.9107],[10.6404,59.9138],[10.6328,59.9151],[10.6342,59.9174],[10.6304,59.9182],[10.6298,59.9214],[10.6259,59.9225],[10.6274,59.9255],[10.6254,59.9271],[10.6267,59.9298],[10.633,59.9325],[10.6353,59.9358],[10.6316,59.9386],[10.6329,59.9428],[10.6358,59.9454],[10.6339,59.9534],[10.6321,59.9537],[10.6318,59.9572],[10.6279,59.9614],[10.6233,59.9629],[10.6244,59.9648],[10.6205,59.9663],[10.6182,59.9705],[10.614,59.9743],[10.6105,59.9766],[10.6015,59.9769],[10.5969,59.9778],[10.5918,59.9768],[10.5903,59.9785],[10.5789,59.9855],[10.5768,59.9861],[10.5657,59.9922],[10.5597,59.9939],[10.5559,59.9967],[10.5491,59.9937],[10.5454,59.9952],[10.544,59.998],[10.5338,60.0006],[10.5278,59.9997],[10.5242,60.0001],[10.5181,59.9993],[10.5051,60.0077],[10.4902,60.0158],[10.4892,60.0173]]]},"properties":{"fylke":"Akershus","fnr":"32"}},
{"type":"Feature","geometry":{"type":"Polygon","coordinates":[[[10.2901,59.7161],[10.3133,59.7223],[10.3196,59.7261],[10.319,59.7273],[10.3203,59.7352],[10.3201,59.7385],[10.3214,59.7394],[10.3195,59.7427],[10.3199,59.7472],[10.3215,59.75],[10.3179,59.754],[10.3157,59.7551],[10.3169,59.7566],[10.3179,59.7609],[10.3172,59.763],[10.3104,59.7637],[10.3117,59.7671],[10.3111,59.7687],[10.3152,59.7701],[10.3172,59.7725],[10.3202,59.773],[10.323,59.7759],[10.3248,59.7764],[10.3283,59.7802],[10.3314,59.7818],[10.3306,59.7848],[10.3288,59.7863],[10.3226,59.7937],[10.3267,59.7948],[10.3313,59.7971],[10.3395,59.7945],[10.3426,59.794],[10.3441,59.7968],[10.3515,59.8007],[10.3565,59.8042],[10.3533,59.8094],[10.355,59.8115],[10.3516,59.8156],[10.3509,59.8222],[10.3529,59.8263],[10.3507,59.8316],[10.3512,59.8352],[10.3504,59.8394],[10.3449,59.8398],[10.344,59.8426],[10.3375,59.8465],[10.3365,59.8486],[10.3335,59.8489],[10.3315,59.8554],[10.3325,59.8612],[10.3313,59.8689],[10.329,59.8711],[10.3285,59.8739],[10.3396,59.8751],[10.3413,59.8762],[10.3495,59.8765],[10.3521,59.8777],[10.3513,59.8791],[10.354,59.8814],[10.352,59.8851],[10.3572,59.8886],[10.3588,59.8889],[10.3621,59.8947],[10.3633,59.8993],[10.363,59.9059],[10.3716,59.9099],[10.3773,59.9113],[10.3763,59.9159],[10.3759,59.9222],[10.3718,59.9298],[10.3629,59.9375],[10.3586,59.939],[10.3551,59.9415],[10.3501,59.9478],[10.3483,59.9513],[10.3509,59.9532],[10.3497,59.9574],[10.3498,59.9603],[10.3529,59.9626],[10.3529,59.9638],[10.3571,59.9655],[10.3581,59.968],[10.371,59.9712],[10.3722,59.9728],[10.3806,59.9758],[10.3819,59.9795],[10.389,59.9821],[10.3918,59.979],[10.3969,59.9797],[10.403,59.9792],[10.414,59.9825],[10.4211,59.9861],[10.4223,59.9877],[10.4198,59.9928],[10.4208,59.9938],[10.4178,59.9972],[10.4154,60.0019],[10.4125,60.0031],[10.417,60.008],[10.4348,60.0135],[10.4345,60.0177],[10.4356,60.0193],[10.4341,60.025],[10.4354,60.0299],[10.445,60.0301],[10.4546,60.0322],[10.4692,60.0295],[10.4777,60.0322],[10.4892,60.0173],[10.5808,60.0762],[10.5973,60.0773],[10.5929,60.0825],[10.5918,60.0921],[10.5921,60.0939],[10.5887,60.1003],[10.5828,60.1072],[10.5728,60.1168],[10.6007,60.1316],[10.6004,60.1352],[10.5964,60.1365],[10.5956,60.1396],[10.5933,60.1418],[10.598,60.1432],[10.5969,60.1452],[10.5931,60.1465],[10.5884,60.1497],[10.5767,60.1509],[10.5722,60.1527],[10.5691,60.1556],[10.5607,60.1656],[10.5548,60.1648],[10.5452,60.1649],[10.5404,60.1661],[10.5341,60.1687],[10.5295,60.1688],[10.5261,60.1697],[10.5241,60.1721],[10.5132,60.1709],[10.5108,60.1714],[10.4952,60.1726],[10.4938,60.1764],[10.4873,60.1774],[10.4851,60.1795],[10.4769,60.1838],[10.4713,60.1852],[10.4674,60.1872],[10.4608,60.1886],[10.4546,60.1918],[10.4518,60.1921],[10.4452,60.1959],[10.4326,60.2023],[10.4312,60.2035],[10.4195,60.208],[10.3919,60.2176],[10.3831,60.2187],[10.3813,60.2204],[10.3747,60.2238],[10.3693,60.2209],[10.3631,60.2216],[10.3603,60.2207],[10.3607,60.2178],[10.3573,60.2169],[10.3471,60.2227],[10.3449,60.223],[10.3362,60.2259],[10.3313,60.2285],[10.3266,60.234],[10.3265,60.2363],[10.3174,60.2404],[10.31,60.2452],[10.3086,60.2496],[10.3095,60.254],[10.3153,60.2606],[10.3195,60.2632],[10.2867,60.2882],[10.2798,60.2936],[10.2723,60.3015],[10.2674,60.3063],[10.2561,60.3185],[10.2475,60.3258],[10.2436,60.3324],[10.2429,60.3349],[10.238,60.3414],[10.2318,60.3445],[10.2259,60.3484],[10.2204,60.3565],[10.2168,60.3601],[10.2105,60.3647],[10.1992,60.3755],[10.2003,60.3786],[10.1956,60.3935],[10.1943,60.4003],[10.1897,60.4094],[10.1894,60.4165],[10.1881,60.4201],[10.1849,60.4259],[10.1822,60.434],[10.1819,60.4377],[10.1806,60.4423],[10.1783,60.4528],[10.1748,60.4598],[10.1747,60.4646],[10.1732,60.4676],[10.1731,60.4715],[10.1762,60.4777],[10.1732,60.4857],[10.169,60.4919],[10.1675,60.4951],[10.1683,60.4965],[10.1634,60.4997],[10.1624,60.5013],[10.16,60.5092],[10.1562,60.5192],[10.1567,60.5214],[10.1543,60.5248],[10.1248,60.5355],[10.1205,60.539],[10.1202,60.5408],[10.1097,60.5467],[10.1073,60.5495],[10.1095,60.5557],[10.1061,60.5574],[10.0941,60.5596],[10.092,60.566],[10.0869,60.5727],[10.0827,60.5791],[10.0815,60.5834],[10.0793,60.5845],[10.0767,60.588],[10.0761,60.5901],[10.0709,60.5998],[10.0685,60.6013],[10.0648,60.6078],[10.0518,60.618],[10.0353,60.6321],[10.0216,60.6333],[10.0142,60.6335],[10.0048,60.6342],[9.9987,60.6355],[9.9896,60.6359],[9.9733,60.6376],[9.9629,60.6379],[9.947,60.6363],[9.9244,60.6348],[9.9209,60.6335],[9.9094,60.6343],[9.9062,60.6351],[9.9031,60.6343],[9.9045,60.6317],[9.9088,60.6282],[9.9135,60.6262],[9.9202,60.6201],[9.924,60.6192],[9.9287,60.6163],[9.9336,60.6149],[9.9417,60.6158],[9.9474,60.615],[9.9523,60.6109],[9.9475,60.6074],[9.9438,60.6031],[9.9407,60.6014],[9.9362,60.6007],[9.9227,60.5973],[9.894,60.588],[9.8845,60.5854],[9.8807,60.5839],[9.8699,60.5774],[9.8637,60.5743],[9.8616,60.5724],[9.8529,60.5691],[9.8476,60.5767],[9.8427,60.5792],[9.844,60.5802],[9.8441,60.584],[9.8432,60.5866],[9.8323,60.5797],[9.8249,60.5706],[9.8157,60.5609],[9.8105,60.5561],[9.8128,60.5504],[9.8107,60.5492],[9.8121,60.5431],[9.8118,60.539],[9.8106,60.5379],[9.8135,60.5352],[9.8128,60.5342],[9.8152,60.5317],[9.8148,60.5278],[9.8171,60.5261],[9.8159,60.522],[9.8162,60.5191],[9.8125,60.5158],[9.8125,60.5126],[9.8165,60.5093],[9.8139,60.5044],[9.8148,60.5028],[9.8194,60.5026],[9.8218,60.5003],[9.8212,60.4985],[9.8236,60.4967],[9.8225,60.4954],[9.8258,60.4928],[9.8239,60.49],[9.8247,60.4854],[9.8293,60.479],[9.8268,60.476],[9.827,60.473],[9.8292,60.4693],[9.8312,60.4683],[9.829,60.463],[9.8307,60.4594],[9.8305,60.4564],[9.8221,60.4563],[9.8146,60.4552],[9.8009,60.4542],[9.7876,60.4572],[9.7234,60.4724],[9.7185,60.4708],[9.7177,60.4738],[9.6789,60.4826],[9.6389,60.4934],[9.635,60.4957],[9.6137,60.5003],[9.6101,60.5014],[9.62,60.5078],[9.6173,60.5129],[9.6133,60.5136],[9.6126,60.5158],[9.6139,60.5187],[9.6162,60.5206],[9.6136,60.5234],[9.6127,60.5285],[9.6071,60.5389],[9.5883,60.5355],[9.5789,60.5344],[9.5715,60.5342],[9.5231,60.5324],[9.5175,60.5314],[9.5159,60.5282],[9.5107,60.5288],[9.5057,60.5279],[9.4955,60.5276],[9.4901,60.5285],[9.4839,60.5287],[9.4787,60.5301],[9.4576,60.5406],[9.4486,60.5438],[9.4453,60.5445],[9.4362,60.5447],[9.4212,60.5475],[9.4176,60.5476],[9.4175,60.5504],[9.4146,60.5525],[9.4151,60.5549],[9.4118,60.562],[9.4121,60.5666],[9.4098,60.5686],[9.4106,60.5719],[9.4097,60.574],[9.4115,60.5757],[9.4119,60.58],[9.4107,60.5829],[9.4159,60.585],[9.4227,60.591],[9.4252,60.5924],[9.4317,60.5947],[9.4351,60.5996],[9.4333,60.6014],[9.4262,60.6048],[9.4249,60.6091],[9.4213,60.613],[9.4168,60.6136],[9.3998,60.6144],[9.3928,60.6157],[9.3811,60.6198],[9.3767,60.6231],[9.3743,60.6263],[9.3708,60.6277],[9.3666,60.6305],[9.3661,60.6334],[9.363,60.6345],[9.3605,60.6389],[9.3662,60.6479],[9.3585,60.6555],[9.3526,60.6671],[9.3357,60.6723],[9.3281,60.675],[9.3245,60.6787],[9.3195,60.6819],[9.3183,60.6929],[9.318,60.699],[9.3288,60.7083],[9.33,60.7136],[9.3321,60.7299],[9.3046,60.7451],[9.2913,60.7619],[9.2578,60.7675],[9.2422,60.7674],[9.2163,60.7706],[9.1946,60.7857],[9.1939,60.7899],[9.1858,60.7921],[9.1656,60.7987],[9.1469,60.8068],[9.1201,60.8134],[9.0888,60.8165],[9.0542,60.8269],[9.0407,60.8312],[9.0396,60.8331],[9.034,60.8329],[9.0317,60.8341],[9.0247,60.8354],[9.0153,60.8387],[9.0141,60.8403],[9.0098,60.84],[9.0013,60.8419],[8.9989,60.8432],[8.992,60.8434],[8.9643,60.8525],[8.9376,60.8607],[8.934,60.8616],[8.919,60.8634],[8.919,60.869],[8.9125,60.8729],[8.9115,60.8762],[8.9044,60.8789],[8.9013,60.8789],[8.9014,60.881],[8.898,60.8827],[8.8978,60.8845],[8.8944,60.8898],[8.8962,60.8937],[8.8929,60.8957],[8.8895,60.8966],[8.8706,60.897],[8.8353,60.8998],[8.8145,60.9006],[8.7326,60.9196],[8.6935,60.9254],[8.6541,60.9359],[8.6572,60.9392],[8.6211,60.9519],[8.622,60.9532],[8.6264,60.9548],[8.6301,60.9572],[8.6288,60.9602],[8.6328,60.9616],[8.6274,60.9664],[8.6283,60.9676],[8.6264,60.9713],[8.6177,60.9745],[8.6086,60.9793],[8.6079,60.9823],[8.5851,60.9917],[8.5806,60.9938],[8.569,60.9947],[8.5639,61.0003],[8.5593,61.0035],[8.5538,61.005],[8.5433,61.0097],[8.5273,61.0117],[8.5216,61.0131],[8.5126,61.0127],[8.5108,61.0137],[8.5095,61.0184],[8.4986,61.0184],[8.4807,61.0217],[8.4774,61.0214],[8.468,61.0186],[8.4522,61.0192],[8.4423,61.021],[8.4358,61.0263],[8.4305,61.0284],[8.4246,61.029],[8.3663,61.0483],[8.3599,61.0547],[8.3092,61.0917],[8.27,61.0815],[8.2517,61.0739],[8.2144,61.0539],[8.24,61.0496],[8.2827,61.0333],[8.2646,61.0173],[8.2573,61.0085],[8.2467,61.0097],[8.2287,61.009],[8.2286,61.0077],[8.225,61.0066],[8.2209,61.0043],[8.2212,60.9996],[8.2252,60.9974],[8.2328,60.9946],[8.2327,60.9938],[8.2231,60.9681],[8.2194,60.9692],[8.2087,60.9701],[8.1997,60.9693],[8.1839,60.969],[8.1697,60.9783],[8.1539,60.9822],[8.1521,60.9788],[8.1382,60.9727],[8.0912,60.9341],[8.0409,60.8932],[7.9801,60.9016],[7.9352,60.8973],[7.9131,60.9096],[7.879,60.924],[7.8515,60.9199],[7.803,60.8967],[7.7752,60.8666],[7.7504,60.8417],[7.7179,60.8086],[7.7044,60.7928],[7.7215,60.7901],[7.7262,60.7611],[7.7179,60.7545],[7.7126,60.7495],[7.7044,60.7391],[7.6852,60.732],[7.6147,60.7442],[7.5684,60.7223],[7.4696,60.6755],[7.4388,60.66],[7.5463,60.6574],[7.6359,60.6329],[7.6337,60.6267],[7.6217,60.5961],[7.631,60.5757],[7.6323,60.5716],[7.6396,60.5596],[7.6732,60.5374],[7.7321,60.521],[7.7264,60.5041],[7.723,60.4972],[7.7188,60.4868],[7.7178,60.4852],[7.7129,60.473],[7.7036,60.4505],[7.694,60.4264],[7.6921,60.4126],[7.6849,60.3665],[7.6737,60.2943],[7.6098,60.2441],[7.5831,60.1757],[7.4883,60.0989],[7.5754,60.1143],[7.646,60.1269],[7.7647,60.1159],[7.8128,60.1027],[7.8534,60.1156],[7.921,60.1371],[8.0118,60.1546],[8.0183,60.1553],[8.0577,60.1636],[8.0697,60.1682],[8.0741,60.1688],[8.086,60.1761],[8.0915,60.1771],[8.1041,60.1838],[8.1247,60.1831],[8.1323,60.1856],[8.1417,60.1848],[8.1502,60.1851],[8.1538,60.1846],[8.1634,60.1804],[8.1656,60.1776],[8.1704,60.1738],[8.1868,60.1733],[8.1843,60.1767],[8.1804,60.1784],[8.1766,60.1818],[8.1715,60.1836],[8.1669,60.1864],[8.2088,60.1883],[8.2395,60.1831],[8.2843,60.1751],[8.3058,60.1746],[8.3843,60.1812],[8.458,60.1701],[8.4861,60.1688],[8.5652,60.1772],[8.6213,60.1744],[8.6599,60.172],[8.7229,60.1831],[8.769,60.17],[8.7714,60.1688],[8.8002,60.1563],[8.8093,60.1528],[8.8179,60.1527],[8.8285,60.15],[8.8328,60.1494],[8.8583,60.1391],[8.945,60.1006],[8.9496,60.1003],[8.9579,60.0981],[8.9595,60.094],[8.9571,60.0924],[8.9598,60.0912],[8.9628,60.0869],[8.9707,60.0785],[8.9761,60.0733],[8.9787,60.0686],[8.9791,60.0654],[8.9812,60.058],[8.9817,60.0524],[8.983,60.0502],[8.983,60.0437],[8.984,60.0385],[8.9831,60.037],[8.9853,60.0334],[8.9873,60.0282],[8.988,60.0174],[8.9899,60.0127],[8.9984,60.0041],[9,59.998],[9.0024,59.9968],[8.9937,59.9935],[8.9875,59.9906],[8.9881,59.9884],[8.9916,59.985],[8.9928,59.9808],[9.0016,59.9825],[9.005,59.9811],[9.0114,59.9828],[9.0192,59.984],[9.0301,59.9794],[9.0358,59.9745],[9.0544,59.9694],[9.0578,59.9653],[9.0586,59.962],[9.0665,59.9616],[9.0967,59.959],[9.1043,59.9589],[9.1097,59.9556],[9.1097,59.9541],[9.1121,59.9505],[9.1215,59.9476],[9.1393,59.9393],[9.1685,59.9316],[9.1715,59.9314],[9.1795,59.9291],[9.1847,59.9234],[9.1926,59.9168],[9.1862,59.9106],[9.1743,59.9],[9.1886,59.8969],[9.1867,59.8877],[9.1866,59.8812],[9.185,59.8794],[9.1788,59.8656],[9.1821,59.8604],[9.1833,59.857],[9.1846,59.8484],[9.1886,59.8419],[9.1877,59.8331],[9.1853,59.8308],[9.1861,59.827],[9.1908,59.8256],[9.1937,59.8239],[9.2015,59.8217],[9.2027,59.8205],[9.2357,59.8119],[9.2418,59.8113],[9.2517,59.814],[9.2573,59.8087],[9.2638,59.8066],[9.2907,59.8034],[9.3014,59.8011],[9.3214,59.7963],[9.3296,59.794],[9.3514,59.7838],[9.3678,59.7813],[9.3626,59.7783],[9.3609,59.7761],[9.3509,59.7659],[9.3489,59.7623],[9.3441,59.7573],[9.3433,59.7523],[9.3449,59.7409],[9.346,59.7351],[9.3454,59.7316],[9.3391,59.7289],[9.3436,59.7258],[9.3389,59.7213],[9.339,59.7195],[9.3548,59.7182],[9.347,59.7112],[9.3454,59.7107],[9.3436,59.7074],[9.3333,59.6928],[9.3518,59.6915],[9.3645,59.6898],[9.4053,59.6845],[9.4054,59.659],[9.4151,59.6486],[9.4229,59.6412],[9.428,59.6278],[9.4366,59.6133],[9.4443,59.6017],[9.4499,59.5952],[9.4507,59.5926],[9.4555,59.586],[9.4568,59.5825],[9.4611,59.5778],[9.4645,59.5668],[9.4695,59.5611],[9.472,59.5574],[9.4787,59.5544],[9.4826,59.5518],[9.5153,59.5381],[9.4915,59.516],[9.484,59.507],[9.4783,59.5019],[9.4686,59.4943],[9.4693,59.4911],[9.4717,59.4822],[9.5235,59.4857],[9.5357,59.4836],[9.552,59.4873],[9.5732,59.4743],[9.5846,59.4664],[9.5796,59.4643],[9.5789,59.4622],[9.5827,59.4559],[9.5868,59.4506],[9.5908,59.4488],[9.6047,59.4437],[9.6214,59.4384],[9.6246,59.4266],[9.6246,59.4249],[9.6601,59.4079],[9.6826,59.4108],[9.7038,59.4117],[9.7486,59.4121],[9.7781,59.412],[9.7737,59.4263],[9.7714,59.4374],[9.7585,59.4583],[9.767,59.4571],[9.7751,59.457],[9.8191,59.4692],[9.8249,59.468],[9.8321,59.4677],[9.8381,59.4645],[9.8452,59.4636],[9.8496,59.4615],[9.8529,59.4583],[9.8748,59.46],[9.8859,59.4581],[9.9101,59.4557],[9.9206,59.4555],[9.9368,59.4593],[9.9367,59.4637],[9.9381,59.4658],[9.9431,59.4663],[9.9448,59.4683],[9.9537,59.4679],[9.9628,59.468],[9.9787,59.466],[9.987,59.4677],[9.9983,59.467],[9.9994,59.4628],[10.0013,59.4605],[10.0052,59.4592],[10.0133,59.4585],[10.0194,59.4597],[10.0224,59.4609],[10.0213,59.4624],[10.0225,59.4644],[10.0345,59.4669],[10.0397,59.4674],[10.0508,59.4704],[10.0525,59.4713],[10.06,59.473],[10.0557,59.4787],[10.0532,59.4833],[10.0457,59.4898],[10.0434,59.4958],[10.0382,59.5],[10.036,59.5029],[10.0324,59.5056],[10.025,59.5123],[10.0201,59.5146],[9.9999,59.5263],[9.9889,59.5306],[9.9802,59.5374],[9.9757,59.5401],[9.9639,59.5501],[9.9555,59.5574],[9.944,59.5669],[9.9391,59.5703],[9.9243,59.579],[9.9154,59.5825],[9.9212,59.5825],[9.9257,59.5849],[9.9311,59.5865],[9.9418,59.5869],[9.9367,59.5974],[9.9332,59.6029],[9.9422,59.6086],[9.9595,59.6125],[9.9659,59.6148],[9.9811,59.618],[9.9762,59.6243],[9.9749,59.6276],[9.9746,59.6323],[9.9793,59.6358],[9.9861,59.6387],[9.9858,59.6414],[9.9829,59.6436],[9.985,59.6458],[9.9902,59.6489],[9.9931,59.6499],[9.9964,59.6547],[9.9954,59.6561],[9.9998,59.6565],[9.9998,59.6609],[9.9982,59.6638],[10.0046,59.6645],[10.0131,59.6597],[10.0198,59.6575],[10.0218,59.6552],[10.0248,59.6539],[10.0329,59.6467],[10.0375,59.6405],[10.0445,59.6415],[10.0474,59.6433],[10.0522,59.6439],[10.0778,59.6432],[10.0889,59.6426],[10.0919,59.6472],[10.0986,59.6561],[10.1013,59.6581],[10.1086,59.6596],[10.1115,59.6607],[10.1134,59.6674],[10.1155,59.6707],[10.1288,59.6711],[10.1362,59.6717],[10.1432,59.6691],[10.1545,59.6671],[10.1596,59.669],[10.1663,59.6678],[10.1739,59.6692],[10.1784,59.6681],[10.1862,59.6686],[10.1878,59.6705],[10.1917,59.6716],[10.1965,59.6714],[10.2028,59.669],[10.2098,59.6681],[10.2129,59.6671],[10.2157,59.664],[10.219,59.6638],[10.2232,59.6653],[10.2226,59.6683],[10.2242,59.6707],[10.2306,59.671],[10.2386,59.6664],[10.2435,59.6725],[10.251,59.674],[10.2542,59.6731],[10.2614,59.6739],[10.27,59.6723],[10.272,59.6709],[10.2837,59.6717],[10.289,59.6698],[10.2978,59.6694],[10.3029,59.6682],[10.302,59.6644],[10.315,59.6618],[10.3208,59.6576],[10.3217,59.653],[10.3246,59.6508],[10.323,59.6493],[10.3296,59.6418],[10.3312,59.6392],[10.3317,59.6359],[10.3356,59.6323],[10.3367,59.6299],[10.3358,59.6213],[10.3324,59.6113],[10.3339,59.6089],[10.3309,59.6062],[10.3338,59.594],[10.3389,59.5795],[10.34,59.5779],[10.3406,59.5738],[10.3421,59.5716],[10.3425,59.5668],[10.3442,59.5635],[10.3473,59.5616],[10.3504,59.5618],[10.3543,59.5579],[10.3513,59.5573],[10.3513,59.5549],[10.3548,59.5517],[10.3582,59.5519],[10.3586,59.5496],[10.3638,59.5487],[10.3635,59.5452],[10.3668,59.542],[10.3725,59.5424],[10.3734,59.5398],[10.3769,59.5393],[10.38,59.5375],[10.3783,59.5363],[10.3841,59.5343],[10.398,59.5304],[10.4178,59.5672],[10.4116,59.5851],[10.4235,59.5982],[10.4233,59.6004],[10.4108,59.6092],[10.412,59.618],[10.4245,59.6253],[10.4101,59.6455],[10.4104,59.6671],[10.3635,59.6977],[10.3234,59.7019],[10.3145,59.7036],[10.3011,59.7084],[10.2929,59.713],[10.2901,59.7161]]]},"properties":{"fylke":"Buskerud","fnr":"33"}},
{"type":"Feature","geometry":{"type":"Polygon","coordinates":[[[12.506,60.2768],[12.5044,60.2812],[12.5018,60.2996],[12.4988,60.3237],[12.5453,60.3473],[12.5699,60.3707],[12.6061,60.4059],[12.6064,60.4773],[12.6069,60.5127],[12.5983,60.5259],[12.5819,60.5509],[12.5493,60.5749],[12.5158,60.6002],[12.511,60.6425],[12.4816,60.6678],[12.4611,60.6852],[12.4292,60.7087],[12.3954,60.7339],[12.3646,60.7906],[12.3494,60.8179],[12.3381,60.844],[12.3345,60.8524],[12.3328,60.8902],[12.2846,60.9438],[12.224,61.0131],[12.2425,61.02],[12.2948,61.0272],[12.3793,61.0403],[12.4476,61.0507],[12.4876,61.0516],[12.5407,61.0493],[12.5967,61.047],[12.6001,61.0465],[12.6103,61.0465],[12.6517,61.0522],[12.6576,61.0527],[12.6684,61.0551],[12.6712,61.0565],[12.6814,61.0595],[12.6826,61.0612],[12.6948,61.1014],[12.707,61.1433],[12.7903,61.197],[12.8338,61.2585],[12.8531,61.3081],[12.8708,61.3565],[12.8051,61.4045],[12.7229,61.4614],[12.6547,61.509],[12.5693,61.5687],[12.4466,61.5671],[12.4196,61.563],[12.3412,61.6147],[12.2756,61.6402],[12.2212,61.6732],[12.1377,61.7238],[12.1612,61.7993],[12.1848,61.8783],[12.2045,61.9467],[12.2207,62.0034],[12.2447,62.0867],[12.2612,62.1361],[12.2777,62.1963],[12.2994,62.2675],[12.2547,62.331],[12.2426,62.3305],[12.2376,62.3286],[12.2315,62.3275],[12.2271,62.3277],[12.2228,62.3295],[12.2178,62.3306],[12.2099,62.3312],[12.1921,62.3272],[12.1874,62.3241],[12.1829,62.3196],[12.1748,62.3174],[12.1692,62.3169],[12.1666,62.3129],[12.1624,62.3126],[12.1577,62.3145],[12.1533,62.3136],[12.1506,62.3114],[12.1413,62.3115],[12.1382,62.3099],[12.131,62.31],[12.1261,62.3128],[12.1101,62.3171],[12.1068,62.3185],[12.0994,62.3232],[12.0838,62.3299],[12.0753,62.3349],[12.0648,62.3438],[12.0584,62.3464],[12.051,62.3455],[12.0521,62.3472],[12.0422,62.3492],[12.0383,62.3491],[12.0233,62.3517],[12.0147,62.3536],[12.0123,62.3532],[12.0044,62.3539],[11.9955,62.3537],[11.993,62.3541],[11.9876,62.3594],[11.984,62.3601],[11.9628,62.3624],[11.9224,62.3662],[11.8979,62.3686],[11.8369,62.3745],[11.7876,62.3794],[11.7816,62.3815],[11.7749,62.3827],[11.7662,62.3817],[11.7617,62.3788],[11.7564,62.3732],[11.7565,62.3693],[11.7477,62.3619],[11.742,62.3599],[11.7349,62.36],[11.7318,62.361],[11.7266,62.3601],[11.73,62.3578],[11.7314,62.355],[11.7271,62.3504],[11.729,62.3486],[11.7197,62.3472],[11.7134,62.3484],[11.7036,62.3491],[11.7,62.3503],[11.697,62.3495],[11.6915,62.3496],[11.6881,62.3517],[11.6891,62.3661],[11.6877,62.3674],[11.6743,62.3776],[11.6717,62.3818],[11.6566,62.3808],[11.6146,62.3765],[11.5918,62.3728],[11.57,62.3718],[11.5656,62.3707],[11.5561,62.3716],[11.5467,62.3771],[11.5429,62.3811],[11.5364,62.3853],[11.532,62.3899],[11.5215,62.4054],[11.5164,62.4122],[11.5133,62.4151],[11.4913,62.4373],[11.4861,62.4393],[11.4852,62.441],[11.4809,62.4415],[11.4799,62.4439],[11.4774,62.4455],[11.4688,62.449],[11.4679,62.4509],[11.4616,62.4536],[11.4606,62.4572],[11.4556,62.4629],[11.447,62.4701],[11.4289,62.4798],[11.371,62.4937],[11.3404,62.5145],[11.3339,62.5144],[11.3296,62.5159],[11.3292,62.5174],[11.3251,62.5178],[11.317,62.5203],[11.3095,62.5204],[11.3065,62.5199],[11.2977,62.5222],[11.2958,62.5247],[11.2906,62.5294],[11.2855,62.5313],[11.2816,62.529],[11.2542,62.5325],[11.2545,62.5344],[11.2514,62.5369],[11.2446,62.5441],[11.2517,62.5522],[11.2485,62.5571],[11.2452,62.5598],[11.2439,62.5669],[11.2401,62.5673],[11.2332,62.5707],[11.2284,62.571],[11.2204,62.5702],[11.2142,62.5704],[11.2101,62.5714],[11.2042,62.5719],[11.1961,62.5708],[11.1958,62.5762],[11.1949,62.5783],[11.1966,62.5832],[11.1953,62.5892],[11.1968,62.5911],[11.1962,62.5943],[11.1894,62.6025],[11.1854,62.6055],[11.181,62.6072],[11.1668,62.6135],[11.1645,62.616],[11.1657,62.6195],[11.1608,62.6474],[11.146,62.6499],[11.1439,62.6507],[11.1384,62.6505],[11.135,62.6488],[11.1315,62.6499],[11.1348,62.6526],[11.1269,62.6565],[11.1254,62.6605],[11.1234,62.6615],[11.1225,62.6618],[11.0438,62.6668],[10.9313,62.6944],[10.9282,62.6963],[10.8513,62.6929],[10.8253,62.6883],[10.7924,62.6791],[10.7403,62.6455],[10.7181,62.6502],[10.7118,62.666],[10.6731,62.6751],[10.6495,62.6766],[10.5974,62.6638],[10.5928,62.6638],[10.4881,62.6767],[10.4439,62.682],[10.3648,62.6909],[10.3251,62.6953],[10.2387,62.6951],[10.2063,62.6923],[10.1975,62.6877],[10.1922,62.6885],[10.1919,62.6913],[10.1859,62.6952],[10.1804,62.6956],[10.1765,62.6969],[10.1597,62.6913],[10.163,62.686],[10.157,62.6846],[10.1498,62.6839],[10.1459,62.6822],[10.1476,62.6767],[10.14,62.6752],[10.1373,62.6735],[10.136,62.6698],[10.1195,62.6643],[10.109,62.6536],[10.1019,62.6366],[10.0863,62.6254],[10.0758,62.6057],[10.0742,62.6019],[10.0567,62.6001],[10.047,62.5965],[10.039,62.5897],[10.0267,62.5856],[10.0273,62.5804],[10.0309,62.5757],[10.0325,62.5721],[10.0347,62.5698],[10.0388,62.5678],[10.0061,62.5582],[10.0057,62.5581],[10.0202,62.534],[10.0202,62.5329],[10.0324,62.5135],[10.0385,62.5032],[10.0569,62.4799],[10.0976,62.4278],[9.9518,62.3972],[9.9534,62.3814],[9.9342,62.3552],[9.9003,62.3444],[9.8393,62.3621],[9.8221,62.3442],[9.8214,62.3428],[9.8262,62.3422],[9.8293,62.3404],[9.8338,62.3396],[9.8418,62.3395],[9.8457,62.3363],[9.844,62.3333],[9.8544,62.3318],[9.8533,62.3301],[9.8475,62.3298],[9.8393,62.3306],[9.8347,62.3299],[9.8328,62.3264],[9.8351,62.3201],[9.8396,62.3149],[9.8336,62.3121],[9.8348,62.3073],[9.8293,62.3053],[9.827,62.3004],[9.8273,62.2992],[9.8186,62.2968],[9.8137,62.2948],[9.8019,62.289],[9.7984,62.2878],[9.7925,62.2879],[9.7181,62.2828],[9.6922,62.2772],[9.634,62.2631],[9.6273,62.2618],[9.6019,62.2557],[9.5512,62.2691],[9.5472,62.2697],[9.5151,62.278],[9.4867,62.2916],[9.4839,62.2923],[9.3605,62.3177],[9.2238,62.3417],[9.2127,62.3431],[9.0974,62.3631],[9.0621,62.3726],[9.023,62.3602],[9.0204,62.3591],[9.0051,62.3576],[8.9924,62.356],[8.9711,62.3539],[8.9318,62.3532],[8.9191,62.3535],[8.8896,62.3755],[8.7926,62.3784],[8.7316,62.3769],[8.6352,62.3741],[8.6259,62.3738],[8.4633,62.3634],[8.3893,62.3639],[8.2752,62.348],[8.2363,62.3376],[8.2178,62.3344],[8.2059,62.3317],[8.1761,62.3096],[8.1695,62.3052],[8.1443,62.2968],[8.1349,62.2915],[8.132,62.291],[8.1297,62.2856],[8.1229,62.2814],[8.1201,62.2811],[8.1191,62.2792],[8.1154,62.2764],[8.1096,62.2736],[8.1066,62.2704],[8.1079,62.2696],[8.0942,62.2589],[8.0865,62.2541],[8.0801,62.2518],[7.9836,62.1775],[7.921,62.1729],[7.864,62.1708],[7.8273,62.1897],[7.7829,62.1863],[7.7346,62.1846],[7.6553,62.1409],[7.5794,62.1219],[7.6101,62.1028],[7.6123,62.0986],[7.6318,62.0851],[7.5921,62.0745],[7.5838,62.0653],[7.5541,62.0695],[7.5143,62.0974],[7.4859,62.0895],[7.4507,62.0881],[7.4147,62.0921],[7.4082,62.088],[7.4162,62.0855],[7.4195,62.0807],[7.415,62.0809],[7.4101,62.0767],[7.4097,62.0738],[7.4059,62.0691],[7.4003,62.0681],[7.3989,62.062],[7.4026,62.0609],[7.3957,62.0565],[7.3903,62.0547],[7.3844,62.0517],[7.3425,62.0354],[7.3527,62.0293],[7.3519,62.0175],[7.3491,62.0077],[7.3675,62.0029],[7.3809,62.003],[7.3901,61.9963],[7.3934,61.9925],[7.399,61.9779],[7.3888,61.9331],[7.4142,61.8915],[7.4125,61.8575],[7.4231,61.845],[7.4915,61.7784],[7.4964,61.774],[7.5148,61.7603],[7.5148,61.7497],[7.5138,61.7274],[7.5721,61.735],[7.6291,61.7414],[7.6507,61.742],[7.6846,61.7427],[7.6985,61.745],[7.7177,61.7487],[7.7525,61.7548],[7.8418,61.7431],[7.9082,61.7217],[7.9044,61.6791],[7.8957,61.6436],[7.933,61.6024],[7.9428,61.5824],[7.9473,61.5567],[8.0161,61.5403],[8.1179,61.5228],[8.1956,61.5478],[8.2133,61.544],[8.2623,61.534],[8.2687,61.5231],[8.273,61.5167],[8.2876,61.4896],[8.3037,61.479],[8.3208,61.4572],[8.3221,61.4559],[8.3025,61.4456],[8.2748,61.4313],[8.2309,61.4298],[8.2147,61.4302],[8.1923,61.4388],[8.1706,61.4322],[8.1504,61.4267],[8.151,61.4218],[8.1555,61.3985],[8.1548,61.3955],[8.1578,61.3932],[8.1616,61.3874],[8.1618,61.3846],[8.1603,61.3799],[8.1569,61.3798],[8.1557,61.3775],[8.1581,61.3714],[8.1614,61.3678],[8.1668,61.3641],[8.1705,61.364],[8.1722,61.3621],[8.1783,61.3597],[8.1804,61.3567],[8.1842,61.3565],[8.1933,61.3544],[8.1939,61.3536],[8.2028,61.3529],[8.2065,61.3553],[8.2128,61.3555],[8.2157,61.3543],[8.2191,61.3494],[8.2198,61.3468],[8.2241,61.3428],[8.23,61.3418],[8.2406,61.3392],[8.2476,61.3397],[8.2511,61.3391],[8.2515,61.3344],[8.2443,61.3297],[8.2403,61.3254],[8.2437,61.3213],[8.2355,61.3192],[8.2364,61.3179],[8.2277,61.3144],[8.2191,61.3176],[8.2187,61.3137],[8.2218,61.312],[8.2223,61.3078],[8.2175,61.3072],[8.2122,61.308],[8.2112,61.3047],[8.205,61.3041],[8.2012,61.3049],[8.1933,61.3052],[8.1867,61.3027],[8.1843,61.3041],[8.1769,61.3051],[8.1746,61.3026],[8.1659,61.2984],[8.1607,61.2912],[8.1507,61.2859],[8.1401,61.2791],[8.1331,61.2775],[8.1374,61.2755],[8.1418,61.2746],[8.1357,61.269],[8.1303,61.2669],[8.1218,61.2645],[8.1102,61.2601],[8.0929,61.2551],[8.0709,61.2493],[8.0671,61.248],[8.0512,61.2328],[8.0221,61.2347],[8.0067,61.235],[8.0078,61.2299],[8.0105,61.2283],[8.0173,61.2257],[8.0314,61.2224],[8.0372,61.2217],[8.0455,61.2216],[8.0532,61.2203],[8.0509,61.2118],[8.0559,61.2009],[8.0606,61.1933],[8.0441,61.1807],[8.044,61.179],[8.0483,61.1744],[8.0561,61.1767],[8.0602,61.1767],[8.0636,61.1786],[8.0756,61.1797],[8.083,61.1622],[8.1267,61.1227],[8.1362,61.1157],[8.1339,61.1097],[8.1439,61.1096],[8.1702,61.1027],[8.195,61.0965],[8.2004,61.0939],[8.2132,61.0919],[8.2212,61.0895],[8.2238,61.0881],[8.2252,61.0847],[8.2366,61.0795],[8.2466,61.0767],[8.2517,61.0739],[8.27,61.0815],[8.3092,61.0917],[8.3599,61.0547],[8.3663,61.0483],[8.4246,61.029],[8.4305,61.0284],[8.4358,61.0263],[8.4423,61.021],[8.4522,61.0192],[8.468,61.0186],[8.4774,61.0214],[8.4807,61.0217],[8.4986,61.0184],[8.5095,61.0184],[8.5108,61.0137],[8.5126,61.0127],[8.5216,61.0131],[8.5273,61.0117],[8.5433,61.0097],[8.5538,61.005],[8.5593,61.0035],[8.5639,61.0003],[8.569,60.9947],[8.5806,60.9938],[8.5851,60.9917],[8.6079,60.9823],[8.6086,60.9793],[8.6177,60.9745],[8.6264,60.9713],[8.6283,60.9676],[8.6274,60.9664],[8.6328,60.9616],[8.6288,60.9602],[8.6301,60.9572],[8.6264,60.9548],[8.622,60.9532],[8.6211,60.9519],[8.6572,60.9392],[8.6541,60.9359],[8.6935,60.9254],[8.7326,60.9196],[8.8145,60.9006],[8.8353,60.8998],[8.8706,60.897],[8.8895,60.8966],[8.8929,60.8957],[8.8962,60.8937],[8.8944,60.8898],[8.8978,60.8845],[8.898,60.8827],[8.9014,60.881],[8.9013,60.8789],[8.9044,60.8789],[8.9115,60.8762],[8.9125,60.8729],[8.919,60.869],[8.919,60.8634],[8.934,60.8616],[8.9376,60.8607],[8.9643,60.8525],[8.992,60.8434],[8.9989,60.8432],[9.0013,60.8419],[9.0098,60.84],[9.0141,60.8403],[9.0153,60.8387],[9.0247,60.8354],[9.0317,60.8341],[9.034,60.8329],[9.0396,60.8331],[9.0407,60.8312],[9.0542,60.8269],[9.0888,60.8165],[9.1201,60.8134],[9.1469,60.8068],[9.1656,60.7987],[9.1858,60.7921],[9.1939,60.7899],[9.1946,60.7857],[9.2163,60.7706],[9.2422,60.7674],[9.2578,60.7675],[9.2913,60.7619],[9.3046,60.7451],[9.3321,60.7299],[9.33,60.7136],[9.3288,60.7083],[9.318,60.699],[9.3183,60.6929],[9.3195,60.6819],[9.3245,60.6787],[9.3281,60.675],[9.3357,60.6723],[9.3526,60.6671],[9.3585,60.6555],[9.3662,60.6479],[9.3605,60.6389],[9.363,60.6345],[9.3661,60.6334],[9.3666,60.6305],[9.3708,60.6277],[9.3743,60.6263],[9.3767,60.6231],[9.3811,60.6198],[9.3928,60.6157],[9.3998,60.6144],[9.4168,60.6136],[9.4213,60.613],[9.4249,60.6091],[9.4262,60.6048],[9.4333,60.6014],[9.4351,60.5996],[9.4317,60.5947],[9.4252,60.5924],[9.4227,60.591],[9.4159,60.585],[9.4107,60.5829],[9.4119,60.58],[9.4115,60.5757],[9.4097,60.574],[9.4106,60.5719],[9.4098,60.5686],[9.4121,60.5666],[9.4118,60.562],[9.4151,60.5549],[9.4146,60.5525],[9.4175,60.5504],[9.4176,60.5476],[9.4212,60.5475],[9.4362,60.5447],[9.4453,60.5445],[9.4486,60.5438],[9.4576,60.5406],[9.4787,60.5301],[9.4839,60.5287],[9.4901,60.5285],[9.4955,60.5276],[9.5057,60.5279],[9.5107,60.5288],[9.5159,60.5282],[9.5175,60.5314],[9.5231,60.5324],[9.5715,60.5342],[9.5789,60.5344],[9.5883,60.5355],[9.6071,60.5389],[9.6127,60.5285],[9.6136,60.5234],[9.6162,60.5206],[9.6139,60.5187],[9.6126,60.5158],[9.6133,60.5136],[9.6173,60.5129],[9.62,60.5078],[9.6101,60.5014],[9.6137,60.5003],[9.635,60.4957],[9.6389,60.4934],[9.6789,60.4826],[9.7177,60.4738],[9.7185,60.4708],[9.7234,60.4724],[9.7876,60.4572],[9.8009,60.4542],[9.8146,60.4552],[9.8221,60.4563],[9.8305,60.4564],[9.8307,60.4594],[9.829,60.463],[9.8312,60.4683],[9.8292,60.4693],[9.827,60.473],[9.8268,60.476],[9.8293,60.479],[9.8247,60.4854],[9.8239,60.49],[9.8258,60.4928],[9.8225,60.4954],[9.8236,60.4967],[9.8212,60.4985],[9.8218,60.5003],[9.8194,60.5026],[9.8148,60.5028],[9.8139,60.5044],[9.8165,60.5093],[9.8125,60.5126],[9.8125,60.5158],[9.8162,60.5191],[9.8159,60.522],[9.8171,60.5261],[9.8148,60.5278],[9.8152,60.5317],[9.8128,60.5342],[9.8135,60.5352],[9.8106,60.5379],[9.8118,60.539],[9.8121,60.5431],[9.8107,60.5492],[9.8128,60.5504],[9.8105,60.5561],[9.8157,60.5609],[9.8249,60.5706],[9.8323,60.5797],[9.8432,60.5866],[9.8441,60.584],[9.844,60.5802],[9.8427,60.5792],[9.8476,60.5767],[9.8529,60.5691],[9.8616,60.5724],[9.8637,60.5743],[9.8699,60.5774],[9.8807,60.5839],[9.8845,60.5854],[9.894,60.588],[9.9227,60.5973],[9.9362,60.6007],[9.9407,60.6014],[9.9438,60.6031],[9.9475,60.6074],[9.9523,60.6109],[9.9474,60.615],[9.9417,60.6158],[9.9336,60.6149],[9.9287,60.6163],[9.924,60.6192],[9.9202,60.6201],[9.9135,60.6262],[9.9088,60.6282],[9.9045,60.6317],[9.9031,60.6343],[9.9062,60.6351],[9.9094,60.6343],[9.9209,60.6335],[9.9244,60.6348],[9.947,60.6363],[9.9629,60.6379],[9.9733,60.6376],[9.9896,60.6359],[9.9987,60.6355],[10.0048,60.6342],[10.0142,60.6335],[10.0216,60.6333],[10.0353,60.6321],[10.0518,60.618],[10.0648,60.6078],[10.0685,60.6013],[10.0709,60.5998],[10.0761,60.5901],[10.0767,60.588],[10.0793,60.5845],[10.0815,60.5834],[10.0827,60.5791],[10.0869,60.5727],[10.092,60.566],[10.0941,60.5596],[10.1061,60.5574],[10.1095,60.5557],[10.1073,60.5495],[10.1097,60.5467],[10.1202,60.5408],[10.1205,60.539],[10.1248,60.5355],[10.1543,60.5248],[10.1567,60.5214],[10.1562,60.5192],[10.16,60.5092],[10.1624,60.5013],[10.1634,60.4997],[10.1683,60.4965],[10.1675,60.4951],[10.169,60.4919],[10.1732,60.4857],[10.1762,60.4777],[10.1731,60.4715],[10.1732,60.4676],[10.1747,60.4646],[10.1748,60.4598],[10.1783,60.4528],[10.1806,60.4423],[10.1819,60.4377],[10.1822,60.434],[10.1849,60.4259],[10.1881,60.4201],[10.1894,60.4165],[10.1897,60.4094],[10.1943,60.4003],[10.1987,60.4003],[10.2074,60.3994],[10.203,60.3948],[10.2021,60.3923],[10.235,60.3929],[10.2476,60.3934],[10.2612,60.3936],[10.2648,60.3927],[10.2939,60.3824],[10.3343,60.3677],[10.3392,60.3662],[10.3412,60.3684],[10.3478,60.3694],[10.355,60.3727],[10.3885,60.3752],[10.3857,60.3558],[10.3769,60.338],[10.3653,60.3278],[10.3663,60.321],[10.3835,60.317],[10.3864,60.3166],[10.3916,60.3171],[10.3981,60.3164],[10.4083,60.3171],[10.4147,60.3181],[10.4156,60.3142],[10.4219,60.3126],[10.4285,60.3134],[10.4338,60.3152],[10.4413,60.3163],[10.4514,60.3164],[10.4575,60.3168],[10.4628,60.3195],[10.4643,60.3212],[10.4705,60.3224],[10.4848,60.3228],[10.4857,60.3238],[10.4907,60.3243],[10.4992,60.3243],[10.5016,60.3254],[10.5186,60.3252],[10.5198,60.3236],[10.5239,60.3219],[10.5277,60.3225],[10.5263,60.3253],[10.5442,60.3268],[10.5474,60.3276],[10.5561,60.3265],[10.5584,60.3246],[10.5593,60.3207],[10.5668,60.322],[10.57,60.324],[10.5788,60.3241],[10.5814,60.323],[10.5818,60.3196],[10.5851,60.3181],[10.5895,60.3193],[10.5905,60.3209],[10.6011,60.3223],[10.6017,60.3198],[10.6051,60.3131],[10.6096,60.3137],[10.6108,60.3154],[10.6179,60.3191],[10.6291,60.3209],[10.6302,60.3238],[10.6332,60.3257],[10.6395,60.3259],[10.6434,60.3232],[10.6677,60.3267],[10.6705,60.3278],[10.6793,60.3259],[10.6815,60.3274],[10.6865,60.3265],[10.6877,60.3289],[10.6943,60.3314],[10.7038,60.3297],[10.7073,60.3326],[10.7074,60.3355],[10.711,60.3382],[10.7138,60.339],[10.7195,60.3383],[10.7235,60.334],[10.7219,60.3335],[10.7198,60.3295],[10.7631,60.3141],[10.783,60.3135],[10.8505,60.3138],[10.8647,60.3139],[10.8723,60.3208],[10.8734,60.3211],[10.8804,60.3184],[10.8828,60.3187],[10.9072,60.3327],[10.9241,60.3414],[10.9339,60.3467],[10.9304,60.3513],[10.9257,60.3532],[10.9131,60.3704],[10.9021,60.3781],[10.9023,60.3798],[10.8998,60.3832],[10.9009,60.3849],[10.8982,60.3909],[10.8993,60.3937],[10.9031,60.3963],[10.8922,60.4003],[10.8195,60.4274],[10.809,60.4242],[10.7767,60.426],[10.7675,60.4262],[10.7203,60.4343],[10.6873,60.4308],[10.672,60.4339],[10.6895,60.4474],[10.7102,60.454],[10.704,60.4645],[10.6924,60.492],[10.7113,60.4972],[10.7116,60.502],[10.7127,60.5032],[10.7089,60.5104],[10.7086,60.5131],[10.7118,60.516],[10.7111,60.5222],[10.7133,60.5242],[10.7268,60.5171],[10.734,60.5105],[10.7544,60.497],[10.7603,60.494],[10.7668,60.4935],[10.7718,60.4922],[10.7804,60.489],[10.7873,60.4897],[10.797,60.4881],[10.802,60.4877],[10.8342,60.4785],[10.8436,60.4784],[10.8527,60.4789],[10.8589,60.4798],[10.8651,60.4795],[10.8711,60.4768],[10.9155,60.4748],[10.9226,60.4706],[10.9256,60.4727],[10.9264,60.4759],[10.9289,60.4764],[10.9333,60.4741],[10.9371,60.4757],[10.9401,60.4749],[10.9499,60.4785],[10.9545,60.4845],[10.952,60.4871],[10.9486,60.4864],[10.9446,60.4874],[10.9502,60.4889],[10.9697,60.4946],[10.9784,60.4983],[10.9822,60.5004],[10.9871,60.4976],[10.9908,60.4996],[10.9936,60.4999],[11.0369,60.5108],[11.0671,60.5187],[11.0721,60.5183],[11.0926,60.5168],[11.0991,60.5218],[11.101,60.5263],[11.0967,60.5273],[11.098,60.5323],[11.0972,60.5359],[11.1018,60.5499],[11.1049,60.5526],[11.1035,60.5562],[11.1048,60.5595],[11.1077,60.5599],[11.1101,60.5576],[11.113,60.5614],[11.1086,60.5657],[11.1085,60.5695],[11.1135,60.573],[11.1166,60.5744],[11.1161,60.576],[11.1189,60.5824],[11.1187,60.5839],[11.1243,60.5898],[11.133,60.5967],[11.154,60.6051],[11.1567,60.603],[11.1851,60.5855],[11.2147,60.5638],[11.2191,60.5423],[11.2145,60.5207],[11.2096,60.5049],[11.2246,60.5024],[11.2345,60.5004],[11.2373,60.4992],[11.2421,60.4984],[11.2464,60.4959],[11.2521,60.495],[11.2562,60.4918],[11.2749,60.4848],[11.2941,60.4711],[11.2972,60.4687],[11.3089,60.4654],[11.3201,60.4617],[11.3272,60.4609],[11.3422,60.4588],[11.3523,60.4489],[11.3688,60.4271],[11.377,60.4152],[11.3861,60.405],[11.3877,60.4025],[11.3893,60.3953],[11.3928,60.3893],[11.4023,60.3766],[11.4089,60.3736],[11.4185,60.3677],[11.4194,60.3634],[11.4183,60.3606],[11.4219,60.3524],[11.4288,60.3469],[11.4313,60.344],[11.4326,60.3396],[11.4446,60.3367],[11.4519,60.3327],[11.4647,60.3316],[11.4744,60.332],[11.4891,60.3199],[11.4937,60.3164],[11.5018,60.3121],[11.5054,60.3097],[11.5149,60.3009],[11.5161,60.2982],[11.5203,60.2954],[11.5491,60.2845],[11.5576,60.2812],[11.5603,60.2796],[11.5688,60.2784],[11.5828,60.2744],[11.5925,60.2706],[11.5953,60.2688],[11.6019,60.2673],[11.5983,60.2632],[11.5971,60.2605],[11.5997,60.2557],[11.5953,60.2485],[11.5876,60.2448],[11.5871,60.2426],[11.5843,60.2416],[11.5809,60.2373],[11.5801,60.2342],[11.5815,60.2322],[11.58,60.23],[11.5826,60.2277],[11.5845,60.2232],[11.5834,60.221],[11.5836,60.2169],[11.5823,60.2146],[11.5848,60.2108],[11.5832,60.2074],[11.5839,60.2043],[11.5799,60.2],[11.576,60.1974],[11.5776,60.1963],[11.5732,60.191],[11.5644,60.1863],[11.5601,60.1816],[11.5605,60.1784],[11.5624,60.176],[11.5669,60.1753],[11.5728,60.1732],[11.58,60.1745],[11.5848,60.1728],[11.5905,60.1673],[11.5891,60.1619],[11.5922,60.1596],[11.599,60.1564],[11.615,60.1461],[11.6229,60.1425],[11.6261,60.1371],[11.6346,60.1333],[11.6402,60.1292],[11.6472,60.1263],[11.655,60.1221],[11.6594,60.1221],[11.6619,60.1207],[11.6764,60.1151],[11.69,60.1122],[11.698,60.1113],[11.6989,60.1089],[11.7038,60.1066],[11.7141,60.1037],[11.7166,60.1017],[11.7215,60.1026],[11.7256,60.1015],[11.7321,60.0973],[11.7353,60.0961],[11.7492,60.0968],[11.7534,60.0964],[11.7596,60.0949],[11.7638,60.0947],[11.7645,60.0922],[11.773,60.0923],[11.7781,60.0897],[11.7793,60.0831],[11.782,60.0799],[11.7818,60.0778],[11.7846,60.077],[11.7862,60.0726],[11.7908,60.0721],[11.7897,60.0686],[11.7858,60.0666],[11.7886,60.0596],[11.7887,60.055],[11.7865,60.0522],[11.7903,60.0496],[11.7915,60.0478],[11.8079,60.0529],[11.8166,60.0586],[11.8171,60.0567],[11.8223,60.0521],[11.8227,60.0441],[11.8222,60.0421],[11.8225,60.0357],[11.8222,60.0299],[11.8194,60.0236],[11.8302,60.0183],[11.8393,60.0161],[11.8357,60.0121],[11.8382,60.0085],[11.8367,60.0055],[11.8346,59.998],[11.8329,59.996],[11.829,59.9945],[11.8203,59.9944],[11.8179,59.9936],[11.8143,59.9903],[11.8107,59.9891],[11.8081,59.9845],[11.8061,59.9777],[11.803,59.9749],[11.7973,59.9683],[11.7955,59.9652],[11.7934,59.9556],[11.8041,59.9491],[11.8087,59.9471],[11.8087,59.9427],[11.814,59.941],[11.8192,59.9355],[11.8169,59.9331],[11.8211,59.9305],[11.8179,59.9287],[11.8128,59.924],[11.8082,59.9214],[11.8028,59.9197],[11.8054,59.9172],[11.8046,59.9145],[11.807,59.9129],[11.8051,59.9113],[11.8081,59.9019],[11.8048,59.8988],[11.8131,59.8947],[11.8124,59.8924],[11.8179,59.8915],[11.8227,59.8928],[11.8202,59.8892],[11.8171,59.8862],[11.817,59.8837],[11.8219,59.8822],[11.825,59.8799],[11.8207,59.8737],[11.8251,59.8713],[11.8275,59.8692],[11.8327,59.8676],[11.8357,59.8632],[11.8366,59.8598],[11.8358,59.8565],[11.8334,59.8535],[11.8333,59.8502],[11.8366,59.8497],[11.8382,59.8468],[11.834,59.8457],[11.834,59.8424],[11.8397,59.8408],[11.8494,59.8442],[11.8546,59.8448],[11.8577,59.8465],[11.8638,59.8478],[11.8704,59.85],[11.8749,59.8525],[11.8829,59.8552],[11.8884,59.8591],[11.8854,59.8622],[11.8829,59.8633],[11.8814,59.8671],[11.8825,59.8698],[11.8871,59.8723],[11.8935,59.8722],[11.8973,59.8711],[11.9005,59.8721],[11.9085,59.8725],[11.9149,59.8723],[11.9214,59.8745],[11.9226,59.8765],[11.9217,59.8813],[11.9257,59.8842],[11.9344,59.8868],[11.9417,59.89],[11.9852,59.9007],[11.9865,59.8991],[12.0334,59.8889],[12.0535,59.8859],[12.0998,59.8907],[12.1261,59.8939],[12.1553,59.8867],[12.1743,59.8898],[12.1908,59.9014],[12.231,59.9276],[12.3411,59.9657],[12.3587,59.9817],[12.3957,60.0156],[12.4248,60.0265],[12.4486,60.0392],[12.4805,60.073],[12.5006,60.0991],[12.5167,60.1363],[12.5419,60.1934],[12.525,60.2236],[12.506,60.2768]]]},"properties":{"fylke":"Innlandet","fnr":"34"}},
{"type":"Feature","geometry":{"type":"Polygon","coordinates":[[[10.5431,59.4573],[10.4558,59.4799],[10.3937,59.5147],[10.398,59.5304],[10.3841,59.5343],[10.3783,59.5363],[10.38,59.5375],[10.3769,59.5393],[10.3734,59.5398],[10.3725,59.5424],[10.3668,59.542],[10.3635,59.5452],[10.3638,59.5487],[10.3586,59.5496],[10.3582,59.5519],[10.3548,59.5517],[10.3513,59.5549],[10.3513,59.5573],[10.3543,59.5579],[10.3504,59.5618],[10.3473,59.5616],[10.3442,59.5635],[10.3425,59.5668],[10.3421,59.5716],[10.3406,59.5738],[10.34,59.5779],[10.3389,59.5795],[10.3338,59.594],[10.3309,59.6062],[10.3339,59.6089],[10.3324,59.6113],[10.3358,59.6213],[10.3367,59.6299],[10.3356,59.6323],[10.3317,59.6359],[10.3312,59.6392],[10.3296,59.6418],[10.323,59.6493],[10.3246,59.6508],[10.3217,59.653],[10.3208,59.6576],[10.315,59.6618],[10.302,59.6644],[10.3029,59.6682],[10.2978,59.6694],[10.289,59.6698],[10.2837,59.6717],[10.272,59.6709],[10.27,59.6723],[10.2614,59.6739],[10.2542,59.6731],[10.251,59.674],[10.2435,59.6725],[10.2386,59.6664],[10.2306,59.671],[10.2242,59.6707],[10.2226,59.6683],[10.2232,59.6653],[10.219,59.6638],[10.2157,59.664],[10.2129,59.6671],[10.2098,59.6681],[10.2028,59.669],[10.1965,59.6714],[10.1917,59.6716],[10.1878,59.6705],[10.1862,59.6686],[10.1784,59.6681],[10.1739,59.6692],[10.1663,59.6678],[10.1596,59.669],[10.1545,59.6671],[10.1432,59.6691],[10.1362,59.6717],[10.1288,59.6711],[10.1155,59.6707],[10.1134,59.6674],[10.1115,59.6607],[10.1086,59.6596],[10.1013,59.6581],[10.0986,59.6561],[10.0919,59.6472],[10.0889,59.6426],[10.0778,59.6432],[10.0522,59.6439],[10.0474,59.6433],[10.0445,59.6415],[10.0375,59.6405],[10.0329,59.6467],[10.0248,59.6539],[10.0218,59.6552],[10.0198,59.6575],[10.0131,59.6597],[10.0046,59.6645],[9.9982,59.6638],[9.9998,59.6609],[9.9998,59.6565],[9.9954,59.6561],[9.9964,59.6547],[9.9931,59.6499],[9.9902,59.6489],[9.985,59.6458],[9.9829,59.6436],[9.9858,59.6414],[9.9861,59.6387],[9.9793,59.6358],[9.9746,59.6323],[9.9749,59.6276],[9.9762,59.6243],[9.9811,59.618],[9.9659,59.6148],[9.9595,59.6125],[9.9422,59.6086],[9.9332,59.6029],[9.9367,59.5974],[9.9418,59.5869],[9.9311,59.5865],[9.9257,59.5849],[9.9212,59.5825],[9.9154,59.5825],[9.9243,59.579],[9.9391,59.5703],[9.944,59.5669],[9.9555,59.5574],[9.9639,59.5501],[9.9757,59.5401],[9.9802,59.5374],[9.9889,59.5306],[9.9999,59.5263],[10.0201,59.5146],[10.025,59.5123],[10.0324,59.5056],[10.036,59.5029],[10.0382,59.5],[10.0434,59.4958],[10.0457,59.4898],[10.0532,59.4833],[10.0557,59.4787],[10.06,59.473],[10.0525,59.4713],[10.0508,59.4704],[10.0397,59.4674],[10.0345,59.4669],[10.0225,59.4644],[10.0213,59.4624],[10.0224,59.4609],[10.0194,59.4597],[10.0133,59.4585],[10.0052,59.4592],[10.0013,59.4605],[9.9994,59.4628],[9.9983,59.467],[9.987,59.4677],[9.9787,59.466],[9.9628,59.468],[9.9537,59.4679],[9.9448,59.4683],[9.9431,59.4663],[9.9381,59.4658],[9.9367,59.4637],[9.9368,59.4593],[9.9206,59.4555],[9.9101,59.4557],[9.8859,59.4581],[9.8748,59.46],[9.8529,59.4583],[9.8496,59.4615],[9.8452,59.4636],[9.8381,59.4645],[9.8321,59.4677],[9.8249,59.468],[9.8191,59.4692],[9.7751,59.457],[9.767,59.4571],[9.7585,59.4583],[9.7714,59.4374],[9.7737,59.4263],[9.7781,59.412],[9.7794,59.3904],[9.7767,59.3807],[9.7707,59.3786],[9.7694,59.3756],[9.7732,59.363],[9.7756,59.3594],[9.7828,59.3503],[9.7715,59.3427],[9.7553,59.3249],[9.7768,59.3161],[9.8047,59.2939],[9.8106,59.289],[9.8106,59.2822],[9.8362,59.272],[9.8382,59.2696],[9.8473,59.2646],[9.8495,59.2623],[9.8557,59.2591],[9.8605,59.2559],[9.8695,59.2519],[9.8717,59.2463],[9.8714,59.2394],[9.8742,59.2335],[9.8747,59.2281],[9.8764,59.2253],[9.876,59.2237],[9.8781,59.2207],[9.8604,59.2159],[9.8572,59.2155],[9.8628,59.2121],[9.8689,59.2049],[9.875,59.2004],[9.885,59.1931],[9.8896,59.1878],[9.8962,59.1779],[9.8964,59.177],[9.8855,59.1693],[9.8682,59.1671],[9.8547,59.1643],[9.8313,59.1639],[9.8259,59.16],[9.8248,59.1576],[9.8269,59.1568],[9.8286,59.1483],[9.8294,59.1412],[9.8288,59.1388],[9.8226,59.1321],[9.8206,59.1295],[9.8288,59.1254],[9.8471,59.1133],[9.8487,59.1116],[9.8537,59.1021],[9.8561,59.0992],[9.8555,59.0948],[9.8535,59.0904],[9.8541,59.0879],[9.8524,59.0806],[9.8499,59.0739],[9.8484,59.0729],[9.8383,59.0725],[9.8405,59.0688],[9.842,59.0628],[9.8389,59.0556],[9.8398,59.0472],[9.8392,59.0441],[9.8347,59.0372],[9.8249,59.0425],[9.8175,59.0408],[9.8129,59.036],[9.8128,59.034],[9.8208,59.0331],[9.8362,59.0231],[9.8345,58.9978],[9.7825,59.03],[9.7811,59.0118],[9.7648,59.01],[9.7645,59.0011],[9.7831,58.9358],[9.7952,58.8982],[9.9698,58.7205],[10.0738,58.7479],[10.1495,58.7583],[10.2526,58.7723],[10.2709,58.775],[10.2855,58.7744],[10.3594,58.7713],[10.5067,58.7649],[10.5762,58.7618],[10.5931,58.761],[10.6285,58.9546],[10.6604,59.0248],[10.675,59.0453],[10.6227,59.1117],[10.651,59.1328],[10.6551,59.192],[10.6416,59.2029],[10.605,59.2523],[10.5903,59.2685],[10.5908,59.2972],[10.5782,59.3409],[10.5944,59.3562],[10.5953,59.3741],[10.5842,59.3931],[10.544,59.4123],[10.5367,59.4328],[10.5431,59.4573]]]},"properties":{"fylke":"Vestfold","fnr":"39"}},
{"type":"Feature","geometry":{"type":"Polygon","coordinates":[[[9.875,59.2004],[9.8689,59.2049],[9.8628,59.2121],[9.8572,59.2155],[9.8604,59.2159],[9.8781,59.2207],[9.876,59.2237],[9.8764,59.2253],[9.8747,59.2281],[9.8742,59.2335],[9.8714,59.2394],[9.8717,59.2463],[9.8695,59.2519],[9.8605,59.2559],[9.8557,59.2591],[9.8495,59.2623],[9.8473,59.2646],[9.8382,59.2696],[9.8362,59.272],[9.8106,59.2822],[9.8106,59.289],[9.8047,59.2939],[9.7768,59.3161],[9.7553,59.3249],[9.7715,59.3427],[9.7828,59.3503],[9.7756,59.3594],[9.7732,59.363],[9.7694,59.3756],[9.7707,59.3786],[9.7767,59.3807],[9.7794,59.3904],[9.7781,59.412],[9.7486,59.4121],[9.7038,59.4117],[9.6826,59.4108],[9.6601,59.4079],[9.6246,59.4249],[9.6246,59.4266],[9.6214,59.4384],[9.6047,59.4437],[9.5908,59.4488],[9.5868,59.4506],[9.5827,59.4559],[9.5789,59.4622],[9.5796,59.4643],[9.5846,59.4664],[9.5732,59.4743],[9.552,59.4873],[9.5357,59.4836],[9.5235,59.4857],[9.4717,59.4822],[9.4693,59.4911],[9.4686,59.4943],[9.4783,59.5019],[9.484,59.507],[9.4915,59.516],[9.5153,59.5381],[9.4826,59.5518],[9.4787,59.5544],[9.472,59.5574],[9.4695,59.5611],[9.4645,59.5668],[9.4611,59.5778],[9.4568,59.5825],[9.4555,59.586],[9.4507,59.5926],[9.4499,59.5952],[9.4443,59.6017],[9.4366,59.6133],[9.428,59.6278],[9.4229,59.6412],[9.4151,59.6486],[9.4054,59.659],[9.4053,59.6845],[9.3645,59.6898],[9.3518,59.6915],[9.3333,59.6928],[9.3436,59.7074],[9.3454,59.7107],[9.347,59.7112],[9.3548,59.7182],[9.339,59.7195],[9.3389,59.7213],[9.3436,59.7258],[9.3391,59.7289],[9.3454,59.7316],[9.346,59.7351],[9.3449,59.7409],[9.3433,59.7523],[9.3441,59.7573],[9.3489,59.7623],[9.3509,59.7659],[9.3609,59.7761],[9.3626,59.7783],[9.3678,59.7813],[9.3514,59.7838],[9.3296,59.794],[9.3214,59.7963],[9.3014,59.8011],[9.2907,59.8034],[9.2638,59.8066],[9.2573,59.8087],[9.2517,59.814],[9.2418,59.8113],[9.2357,59.8119],[9.2027,59.8205],[9.2015,59.8217],[9.1937,59.8239],[9.1908,59.8256],[9.1861,59.827],[9.1853,59.8308],[9.1877,59.8331],[9.1886,59.8419],[9.1846,59.8484],[9.1833,59.857],[9.1821,59.8604],[9.1788,59.8656],[9.185,59.8794],[9.1866,59.8812],[9.1867,59.8877],[9.1886,59.8969],[9.1743,59.9],[9.1862,59.9106],[9.1926,59.9168],[9.1847,59.9234],[9.1795,59.9291],[9.1715,59.9314],[9.1685,59.9316],[9.1393,59.9393],[9.1215,59.9476],[9.1121,59.9505],[9.1097,59.9541],[9.1097,59.9556],[9.1043,59.9589],[9.0967,59.959],[9.0665,59.9616],[9.0586,59.962],[9.0578,59.9653],[9.0544,59.9694],[9.0358,59.9745],[9.0301,59.9794],[9.0192,59.984],[9.0114,59.9828],[9.005,59.9811],[9.0016,59.9825],[8.9928,59.9808],[8.9916,59.985],[8.9881,59.9884],[8.9875,59.9906],[8.9937,59.9935],[9.0024,59.9968],[9,59.998],[8.9984,60.0041],[8.9899,60.0127],[8.988,60.0174],[8.9873,60.0282],[8.9853,60.0334],[8.9831,60.037],[8.984,60.0385],[8.983,60.0437],[8.983,60.0502],[8.9817,60.0524],[8.9812,60.058],[8.9791,60.0654],[8.9787,60.0686],[8.9761,60.0733],[8.9707,60.0785],[8.9628,60.0869],[8.9598,60.0912],[8.9571,60.0924],[8.9595,60.094],[8.9579,60.0981],[8.9496,60.1003],[8.945,60.1006],[8.8583,60.1391],[8.8328,60.1494],[8.8285,60.15],[8.8179,60.1527],[8.8093,60.1528],[8.8002,60.1563],[8.7714,60.1688],[8.769,60.17],[8.7229,60.1831],[8.6599,60.172],[8.6213,60.1744],[8.5652,60.1772],[8.4861,60.1688],[8.458,60.1701],[8.3843,60.1812],[8.3058,60.1746],[8.2843,60.1751],[8.2395,60.1831],[8.2088,60.1883],[8.1669,60.1864],[8.1715,60.1836],[8.1766,60.1818],[8.1804,60.1784],[8.1843,60.1767],[8.1868,60.1733],[8.1704,60.1738],[8.1656,60.1776],[8.1634,60.1804],[8.1538,60.1846],[8.1502,60.1851],[8.1417,60.1848],[8.1323,60.1856],[8.1247,60.1831],[8.1041,60.1838],[8.0915,60.1771],[8.086,60.1761],[8.0741,60.1688],[8.0697,60.1682],[8.0577,60.1636],[8.0183,60.1553],[8.0118,60.1546],[7.921,60.1371],[7.8534,60.1156],[7.8128,60.1027],[7.7647,60.1159],[7.646,60.1269],[7.5754,60.1143],[7.4883,60.0989],[7.4668,60.0802],[7.4526,60.0675],[7.4427,60.0573],[7.4364,60.0192],[7.4307,60.0173],[7.3876,60.0038],[7.3765,60],[7.3524,59.9959],[7.34,59.9919],[7.3314,59.9897],[7.3238,59.9869],[7.3198,59.9859],[7.3158,59.9864],[7.3073,59.9884],[7.2945,59.9872],[7.2891,59.9886],[7.2853,59.9883],[7.2764,59.9854],[7.2684,59.9843],[7.2633,59.9821],[7.2613,59.9783],[7.2591,59.9759],[7.2458,59.969],[7.2329,59.9627],[7.2257,59.9557],[7.2117,59.9431],[7.1854,59.9195],[7.1681,59.9034],[7.1499,59.8843],[7.1467,59.8803],[7.1509,59.8747],[7.1582,59.8695],[7.1581,59.8672],[7.1542,59.8625],[7.15,59.8596],[7.1478,59.8593],[7.1413,59.8536],[7.1459,59.8492],[7.1439,59.8482],[7.1464,59.8466],[7.1548,59.8456],[7.1563,59.8439],[7.1534,59.8405],[7.1601,59.8363],[7.161,59.8324],[7.1581,59.8285],[7.1498,59.827],[7.142,59.8225],[7.1455,59.8118],[7.1137,59.793],[7.0963,59.7828],[7.1105,59.7633],[7.1163,59.714],[7.1101,59.7006],[7.1743,59.6861],[7.213,59.6742],[7.2147,59.6727],[7.236,59.6652],[7.2427,59.667],[7.2506,59.6641],[7.2607,59.6628],[7.2655,59.6611],[7.2856,59.6555],[7.2891,59.6562],[7.2908,59.658],[7.2962,59.6587],[7.3007,59.6581],[7.3072,59.6553],[7.3161,59.6521],[7.3187,59.6508],[7.3169,59.6477],[7.3193,59.6462],[7.3282,59.6434],[7.3317,59.6452],[7.3321,59.647],[7.3381,59.6477],[7.3377,59.6456],[7.3496,59.6417],[7.3609,59.64],[7.3696,59.6367],[7.3688,59.6346],[7.3926,59.6329],[7.3964,59.6471],[7.4074,59.6499],[7.4016,59.6595],[7.4114,59.6581],[7.4132,59.6568],[7.4184,59.656],[7.4257,59.6574],[7.4299,59.6574],[7.4362,59.6586],[7.4423,59.6587],[7.4379,59.6556],[7.4392,59.6545],[7.4454,59.6519],[7.4485,59.6497],[7.4459,59.6475],[7.4467,59.6442],[7.4501,59.6447],[7.4535,59.6473],[7.4602,59.6453],[7.4631,59.6454],[7.4702,59.643],[7.4837,59.6367],[7.4747,59.6317],[7.4826,59.6267],[7.4945,59.6174],[7.5033,59.6099],[7.5072,59.6074],[7.5333,59.6027],[7.5379,59.6016],[7.5367,59.6001],[7.5373,59.5966],[7.5336,59.5942],[7.5409,59.5909],[7.547,59.5892],[7.5516,59.5866],[7.548,59.5839],[7.5146,59.5615],[7.5363,59.524],[7.5847,59.5009],[7.5946,59.4788],[7.6256,59.4618],[7.5831,59.4444],[7.5793,59.4412],[7.5661,59.4384],[7.5742,59.4373],[7.5822,59.4347],[7.5819,59.4331],[7.5767,59.4258],[7.5744,59.4238],[7.5663,59.4191],[7.5548,59.4111],[7.5443,59.4046],[7.54,59.3988],[7.543,59.3975],[7.5724,59.3865],[7.5954,59.3767],[7.596,59.3686],[7.5967,59.366],[7.6054,59.356],[7.6103,59.3496],[7.6125,59.3485],[7.612,59.3388],[7.6098,59.3362],[7.6113,59.3339],[7.6155,59.3314],[7.6151,59.3285],[7.6253,59.3323],[7.6433,59.3337],[7.6733,59.3326],[7.6962,59.3267],[7.7061,59.3067],[7.7159,59.2901],[7.7167,59.2844],[7.7251,59.2609],[7.7383,59.252],[7.7407,59.2509],[7.7453,59.2514],[7.7513,59.235],[7.7571,59.2304],[7.7578,59.2285],[7.7648,59.2259],[7.7736,59.2238],[7.7805,59.2207],[7.7747,59.2139],[7.7628,59.2143],[7.7578,59.2128],[7.7531,59.2093],[7.7494,59.2077],[7.7474,59.2031],[7.7437,59.1985],[7.7492,59.1946],[7.7457,59.1912],[7.7465,59.1891],[7.7435,59.1837],[7.7389,59.1791],[7.7361,59.1707],[7.7345,59.1706],[7.7322,59.167],[7.7293,59.1672],[7.7304,59.1634],[7.734,59.1571],[7.7407,59.1477],[7.7422,59.1439],[7.7562,59.1398],[7.7692,59.1349],[7.785,59.124],[7.8053,59.1171],[7.8144,59.1048],[7.821,59.0981],[7.8282,59.0891],[7.8359,59.0848],[7.8474,59.0774],[7.8576,59.0694],[7.8678,59.0601],[7.8675,59.0561],[7.8774,59.0468],[7.8769,59.0389],[7.9025,59.0257],[7.908,59.0158],[7.9103,59.0127],[7.9112,59.009],[7.924,59.0064],[7.9342,59.0065],[7.9405,59.0054],[7.9372,58.9978],[7.942,58.9869],[7.9638,58.9743],[7.9659,58.969],[7.9681,58.9674],[7.9785,58.9644],[7.9853,58.9616],[7.9957,58.9635],[8.0094,58.9647],[8.0182,58.9615],[8.0364,58.9541],[8.0444,58.9519],[8.0552,58.9502],[8.068,58.9494],[8.0778,58.9499],[8.0841,58.9495],[8.0917,58.9485],[8.095,58.9508],[8.1002,58.9524],[8.1088,58.9533],[8.1139,58.9534],[8.1219,58.955],[8.1332,58.96],[8.1367,58.9611],[8.1336,58.9632],[8.1113,58.9663],[8.1082,58.9644],[8.1033,58.9643],[8.0998,58.9655],[8.0955,58.9646],[8.0892,58.9651],[8.0795,58.9722],[8.0865,58.9736],[8.0976,58.9754],[8.1105,58.9798],[8.1165,58.9821],[8.1247,58.984],[8.1271,58.985],[8.1348,58.9849],[8.1478,58.9825],[8.1555,58.9816],[8.1619,58.9813],[8.1733,58.9823],[8.1834,58.9786],[8.1956,58.9756],[8.2224,58.9703],[8.2259,58.9635],[8.2357,58.9594],[8.2373,58.9581],[8.2581,58.9518],[8.2697,58.9478],[8.2792,58.9419],[8.2939,58.9367],[8.3,58.9319],[8.305,58.9286],[8.3083,58.9257],[8.3099,58.9195],[8.3265,58.9165],[8.3408,58.9167],[8.3571,58.9144],[8.3671,58.9132],[8.3831,58.9133],[8.3903,58.9123],[8.3984,58.9106],[8.4102,58.9069],[8.4195,58.9055],[8.4205,58.9034],[8.431,58.9017],[8.4324,58.8995],[8.4419,58.8969],[8.4463,58.8965],[8.4607,58.8918],[8.4764,58.8869],[8.5031,58.908],[8.5339,58.9184],[8.5649,58.9271],[8.5755,58.9314],[8.5801,58.9258],[8.5865,58.9222],[8.5957,58.9181],[8.6058,58.9148],[8.6095,58.9142],[8.6162,58.9091],[8.6214,58.9044],[8.6315,58.8941],[8.6339,58.8925],[8.6385,58.8914],[8.6396,58.8892],[8.6371,58.8878],[8.6383,58.8857],[8.6419,58.8846],[8.6485,58.881],[8.6527,58.8777],[8.6528,58.8753],[8.656,58.873],[8.6534,58.8694],[8.6573,58.868],[8.6728,58.8634],[8.6807,58.8615],[8.6912,58.8582],[8.7235,58.8498],[8.7243,58.8466],[8.7274,58.8429],[8.7312,58.8395],[8.7437,58.8314],[8.752,58.8336],[8.7628,58.8355],[8.7687,58.8385],[8.7775,58.8407],[8.7864,58.8436],[8.7881,58.8494],[8.7893,58.8511],[8.7899,58.8565],[8.7887,58.8622],[8.7925,58.8645],[8.7864,58.8666],[8.7811,58.8676],[8.7871,58.8741],[8.796,58.8818],[8.798,58.8844],[8.8096,58.8914],[8.8124,58.895],[8.8148,58.9027],[8.818,58.9059],[8.8239,58.9092],[8.829,58.9111],[8.8307,58.9126],[8.8284,58.9141],[8.8131,58.9178],[8.7948,58.9268],[8.7877,58.9295],[8.774,58.9328],[8.7617,58.9374],[8.7545,58.9427],[8.762,58.9485],[8.8191,58.9686],[8.8222,58.9699],[8.8268,58.9743],[8.8322,58.978],[8.8342,58.9881],[8.8639,58.9869],[8.8705,58.9863],[8.8784,58.9863],[8.9012,58.9857],[8.9089,58.986],[8.9294,58.9862],[8.9397,58.9861],[8.9572,58.9889],[8.9686,58.9894],[8.9867,58.9924],[8.9949,58.9932],[9.001,58.9877],[9.0007,58.9855],[9.0024,58.9831],[9.0013,58.9799],[9.0075,58.9784],[9.0088,58.9771],[9.0132,58.9656],[9.0208,58.9541],[9.0247,58.9489],[9.0347,58.9326],[9.0464,58.9264],[9.051,58.9249],[9.0541,58.9217],[9.0614,58.918],[9.0728,58.9113],[9.082,58.9082],[9.0939,58.9055],[9.1155,58.8968],[9.1246,58.8939],[9.1348,58.8923],[9.1512,58.887],[9.1605,58.885],[9.1723,58.8738],[9.1784,58.8664],[9.1828,58.8624],[9.1877,58.8502],[9.1904,58.8448],[9.1912,58.8365],[9.1911,58.8299],[9.1907,58.8219],[9.192,58.8145],[9.2043,58.8128],[9.2079,58.8131],[9.2045,58.8097],[9.1963,58.8034],[9.2097,58.8008],[9.2309,58.796],[9.2417,58.7957],[9.2619,58.796],[9.2746,58.7957],[9.2813,58.7907],[9.2856,58.7884],[9.2897,58.7837],[9.2972,58.778],[9.3032,58.7746],[9.305,58.772],[9.3131,58.7744],[9.3177,58.7772],[9.3211,58.7825],[9.3288,58.7852],[9.3367,58.7819],[9.3421,58.7807],[9.3539,58.7768],[9.3661,58.7714],[9.3681,58.7698],[9.3918,58.7557],[9.4797,58.7071],[9.5907,58.6463],[9.6689,58.6033],[9.7884,58.6723],[9.9698,58.7205],[9.7952,58.8982],[9.7831,58.9358],[9.7645,59.0011],[9.7648,59.01],[9.7811,59.0118],[9.7825,59.03],[9.8345,58.9978],[9.8362,59.0231],[9.8208,59.0331],[9.8128,59.034],[9.8129,59.036],[9.8175,59.0408],[9.8249,59.0425],[9.8347,59.0372],[9.8392,59.0441],[9.8398,59.0472],[9.8389,59.0556],[9.842,59.0628],[9.8405,59.0688],[9.8383,59.0725],[9.8484,59.0729],[9.8499,59.0739],[9.8524,59.0806],[9.8541,59.0879],[9.8535,59.0904],[9.8555,59.0948],[9.8561,59.0992],[9.8537,59.1021],[9.8487,59.1116],[9.8471,59.1133],[9.8288,59.1254],[9.8206,59.1295],[9.8226,59.1321],[9.8288,59.1388],[9.8294,59.1412],[9.8286,59.1483],[9.8269,59.1568],[9.8248,59.1576],[9.8259,59.16],[9.8313,59.1639],[9.8547,59.1643],[9.8682,59.1671],[9.8855,59.1693],[9.8964,59.177],[9.8962,59.1779],[9.8896,59.1878],[9.885,59.1931],[9.875,59.2004]]]},"properties":{"fylke":"Telemark","fnr":"40"}},
{"type":"Feature","geometry":{"type":"Polygon","coordinates":[[[9.1911,58.8299],[9.1912,58.8365],[9.1904,58.8448],[9.1877,58.8502],[9.1828,58.8624],[9.1784,58.8664],[9.1723,58.8738],[9.1605,58.885],[9.1512,58.887],[9.1348,58.8923],[9.1246,58.8939],[9.1155,58.8968],[9.0939,58.9055],[9.082,58.9082],[9.0728,58.9113],[9.0614,58.918],[9.0541,58.9217],[9.051,58.9249],[9.0464,58.9264],[9.0347,58.9326],[9.0247,58.9489],[9.0208,58.9541],[9.0132,58.9656],[9.0088,58.9771],[9.0075,58.9784],[9.0013,58.9799],[9.0024,58.9831],[9.0007,58.9855],[9.001,58.9877],[8.9949,58.9932],[8.9867,58.9924],[8.9686,58.9894],[8.9572,58.9889],[8.9397,58.9861],[8.9294,58.9862],[8.9089,58.986],[8.9012,58.9857],[8.8784,58.9863],[8.8705,58.9863],[8.8639,58.9869],[8.8342,58.9881],[8.8322,58.978],[8.8268,58.9743],[8.8222,58.9699],[8.8191,58.9686],[8.762,58.9485],[8.7545,58.9427],[8.7617,58.9374],[8.774,58.9328],[8.7877,58.9295],[8.7948,58.9268],[8.8131,58.9178],[8.8284,58.9141],[8.8307,58.9126],[8.829,58.9111],[8.8239,58.9092],[8.818,58.9059],[8.8148,58.9027],[8.8124,58.895],[8.8096,58.8914],[8.798,58.8844],[8.796,58.8818],[8.7871,58.8741],[8.7811,58.8676],[8.7864,58.8666],[8.7925,58.8645],[8.7887,58.8622],[8.7899,58.8565],[8.7893,58.8511],[8.7881,58.8494],[8.7864,58.8436],[8.7775,58.8407],[8.7687,58.8385],[8.7628,58.8355],[8.752,58.8336],[8.7437,58.8314],[8.7312,58.8395],[8.7274,58.8429],[8.7243,58.8466],[8.7235,58.8498],[8.6912,58.8582],[8.6807,58.8615],[8.6728,58.8634],[8.6573,58.868],[8.6534,58.8694],[8.656,58.873],[8.6528,58.8753],[8.6527,58.8777],[8.6485,58.881],[8.6419,58.8846],[8.6383,58.8857],[8.6371,58.8878],[8.6396,58.8892],[8.6385,58.8914],[8.6339,58.8925],[8.6315,58.8941],[8.6214,58.9044],[8.6162,58.9091],[8.6095,58.9142],[8.6058,58.9148],[8.5957,58.9181],[8.5865,58.9222],[8.5801,58.9258],[8.5755,58.9314],[8.5649,58.9271],[8.5339,58.9184],[8.5031,58.908],[8.4764,58.8869],[8.4607,58.8918],[8.4463,58.8965],[8.4419,58.8969],[8.4324,58.8995],[8.431,58.9017],[8.4205,58.9034],[8.4195,58.9055],[8.4102,58.9069],[8.3984,58.9106],[8.3903,58.9123],[8.3831,58.9133],[8.3671,58.9132],[8.3571,58.9144],[8.3408,58.9167],[8.3265,58.9165],[8.3099,58.9195],[8.3083,58.9257],[8.305,58.9286],[8.3,58.9319],[8.2939,58.9367],[8.2792,58.9419],[8.2697,58.9478],[8.2581,58.9518],[8.2373,58.9581],[8.2357,58.9594],[8.2259,58.9635],[8.2224,58.9703],[8.1956,58.9756],[8.1834,58.9786],[8.1733,58.9823],[8.1619,58.9813],[8.1555,58.9816],[8.1478,58.9825],[8.1348,58.9849],[8.1271,58.985],[8.1247,58.984],[8.1165,58.9821],[8.1105,58.9798],[8.0976,58.9754],[8.0865,58.9736],[8.0795,58.9722],[8.0892,58.9651],[8.0955,58.9646],[8.0998,58.9655],[8.1033,58.9643],[8.1082,58.9644],[8.1113,58.9663],[8.1336,58.9632],[8.1367,58.9611],[8.1332,58.96],[8.1219,58.955],[8.1139,58.9534],[8.1088,58.9533],[8.1002,58.9524],[8.095,58.9508],[8.0917,58.9485],[8.0841,58.9495],[8.0778,58.9499],[8.068,58.9494],[8.0552,58.9502],[8.0444,58.9519],[8.0364,58.9541],[8.0182,58.9615],[8.0094,58.9647],[7.9957,58.9635],[7.9853,58.9616],[7.9785,58.9644],[7.9681,58.9674],[7.9659,58.969],[7.9638,58.9743],[7.942,58.9869],[7.9372,58.9978],[7.9405,59.0054],[7.9342,59.0065],[7.924,59.0064],[7.9112,59.009],[7.9103,59.0127],[7.908,59.0158],[7.9025,59.0257],[7.8769,59.0389],[7.8774,59.0468],[7.8675,59.0561],[7.8678,59.0601],[7.8576,59.0694],[7.8474,59.0774],[7.8359,59.0848],[7.8282,59.0891],[7.821,59.0981],[7.8144,59.1048],[7.8053,59.1171],[7.785,59.124],[7.7692,59.1349],[7.7562,59.1398],[7.7422,59.1439],[7.7407,59.1477],[7.734,59.1571],[7.7304,59.1634],[7.7293,59.1672],[7.7322,59.167],[7.7345,59.1706],[7.7361,59.1707],[7.7389,59.1791],[7.7435,59.1837],[7.7465,59.1891],[7.7457,59.1912],[7.7492,59.1946],[7.7437,59.1985],[7.7474,59.2031],[7.7494,59.2077],[7.7531,59.2093],[7.7578,59.2128],[7.7628,59.2143],[7.7747,59.2139],[7.7805,59.2207],[7.7736,59.2238],[7.7648,59.2259],[7.7578,59.2285],[7.7571,59.2304],[7.7513,59.235],[7.7453,59.2514],[7.7407,59.2509],[7.7383,59.252],[7.7251,59.2609],[7.7167,59.2844],[7.7159,59.2901],[7.7061,59.3067],[7.6962,59.3267],[7.6733,59.3326],[7.6433,59.3337],[7.6253,59.3323],[7.6151,59.3285],[7.6155,59.3314],[7.6113,59.3339],[7.6098,59.3362],[7.612,59.3388],[7.6125,59.3485],[7.6103,59.3496],[7.6054,59.356],[7.5967,59.366],[7.596,59.3686],[7.5954,59.3767],[7.5724,59.3865],[7.543,59.3975],[7.54,59.3988],[7.5443,59.4046],[7.5548,59.4111],[7.5663,59.4191],[7.5744,59.4238],[7.5767,59.4258],[7.5819,59.4331],[7.5822,59.4347],[7.5742,59.4373],[7.5661,59.4384],[7.5793,59.4412],[7.5831,59.4444],[7.6256,59.4618],[7.5946,59.4788],[7.5847,59.5009],[7.5363,59.524],[7.5146,59.5615],[7.548,59.5839],[7.5516,59.5866],[7.547,59.5892],[7.5409,59.5909],[7.5336,59.5942],[7.5373,59.5966],[7.5367,59.6001],[7.5379,59.6016],[7.5333,59.6027],[7.5072,59.6074],[7.5033,59.6099],[7.4945,59.6174],[7.4826,59.6267],[7.4747,59.6317],[7.4837,59.6367],[7.4702,59.643],[7.4631,59.6454],[7.4602,59.6453],[7.4535,59.6473],[7.4501,59.6447],[7.4467,59.6442],[7.4459,59.6475],[7.4485,59.6497],[7.4454,59.6519],[7.4392,59.6545],[7.4379,59.6556],[7.4423,59.6587],[7.4362,59.6586],[7.4299,59.6574],[7.4257,59.6574],[7.4184,59.656],[7.4132,59.6568],[7.4114,59.6581],[7.4016,59.6595],[7.4074,59.6499],[7.3964,59.6471],[7.3926,59.6329],[7.3688,59.6346],[7.3696,59.6367],[7.3609,59.64],[7.3496,59.6417],[7.3377,59.6456],[7.3381,59.6477],[7.3321,59.647],[7.3317,59.6452],[7.3282,59.6434],[7.3193,59.6462],[7.3169,59.6477],[7.3187,59.6508],[7.3161,59.6521],[7.3072,59.6553],[7.3007,59.6581],[7.2962,59.6587],[7.2908,59.658],[7.2891,59.6562],[7.2856,59.6555],[7.2655,59.6611],[7.2607,59.6628],[7.2506,59.6641],[7.2427,59.667],[7.236,59.6652],[7.2147,59.6727],[7.2111,59.669],[7.1988,59.6669],[7.1384,59.6623],[7.0987,59.6513],[7.098,59.6466],[7.0923,59.6268],[7.089,59.6197],[7.0764,59.6128],[7.0722,59.6112],[7.0618,59.6035],[7.0486,59.5868],[7.0127,59.5965],[6.9918,59.597],[6.9866,59.5756],[6.9805,59.5489],[6.9785,59.5413],[6.9803,59.5234],[6.963,59.5165],[6.9678,59.5126],[6.9745,59.5105],[6.9768,59.5092],[6.9839,59.5072],[6.9934,59.5056],[6.9969,59.5054],[7.0012,59.504],[7.0058,59.5011],[7.001,59.4967],[7.0024,59.4951],[7.0119,59.4927],[7.0153,59.4913],[7.0164,59.4873],[7.0228,59.4828],[7.0229,59.4812],[7.0162,59.4786],[7.0105,59.4755],[7.0042,59.4693],[7.0001,59.4669],[6.9991,59.4627],[6.997,59.461],[6.9891,59.4585],[6.9782,59.4535],[6.9567,59.4447],[6.9527,59.4444],[6.9496,59.4458],[6.9464,59.4431],[6.9444,59.4431],[6.9379,59.4406],[6.9263,59.4368],[6.9187,59.435],[6.9107,59.4338],[6.8933,59.4305],[6.8869,59.4308],[6.8828,59.4284],[6.889,59.4249],[6.8934,59.4207],[6.9002,59.4178],[6.9049,59.4146],[6.9223,59.4069],[6.9288,59.4033],[6.9314,59.4027],[6.9322,59.4003],[6.9253,59.4014],[6.9241,59.3963],[6.918,59.3931],[6.9128,59.3953],[6.9081,59.3946],[6.9079,59.3922],[6.9012,59.3923],[6.8977,59.3953],[6.8909,59.3982],[6.8651,59.3684],[6.8645,59.3665],[6.8594,59.3599],[6.8584,59.3562],[6.8586,59.3523],[6.8575,59.3503],[6.8546,59.3486],[6.8476,59.3351],[6.8428,59.331],[6.8413,59.327],[6.835,59.3195],[6.8316,59.3173],[6.8245,59.2699],[6.8408,59.251],[6.8377,59.1926],[6.8476,59.1827],[6.8538,59.1827],[6.8965,59.1848],[6.9042,59.1855],[6.933,59.1824],[6.9392,59.1819],[6.9377,59.1797],[6.9337,59.179],[6.9295,59.1763],[6.9223,59.1745],[6.9234,59.1721],[6.9217,59.1689],[6.9258,59.1677],[6.9249,59.1659],[6.9213,59.165],[6.9179,59.1628],[6.9118,59.1619],[6.9099,59.1604],[6.9037,59.1598],[6.8984,59.1586],[6.8917,59.1544],[6.8924,59.1529],[6.8854,59.1495],[6.8856,59.1471],[6.881,59.1446],[6.8797,59.1407],[6.8882,59.141],[6.8932,59.1384],[6.895,59.1356],[6.8996,59.1331],[6.9024,59.1304],[6.8988,59.1272],[6.8987,59.1217],[6.9024,59.1204],[6.9003,59.1187],[6.9,59.1153],[6.9037,59.1134],[6.8854,59.1031],[6.7877,59.0527],[6.7812,59.0404],[6.7568,59.0318],[6.7255,59.0146],[6.7065,59.0017],[6.7026,58.9942],[6.6655,58.9854],[6.6331,58.9398],[6.5608,58.91],[6.5675,58.8857],[6.5753,58.8851],[6.5799,58.8814],[6.5927,58.8829],[6.595,58.8841],[6.5991,58.8831],[6.6027,58.8842],[6.6057,58.8836],[6.6086,58.8801],[6.6072,58.879],[6.6013,58.8774],[6.6039,58.8752],[6.5764,58.8492],[6.5659,58.8421],[6.5531,58.8258],[6.5521,58.8181],[6.5372,58.8008],[6.5285,58.7872],[6.5275,58.7841],[6.5251,58.7808],[6.5181,58.7674],[6.5229,58.7658],[6.5316,58.7681],[6.5467,58.7664],[6.5506,58.764],[6.5562,58.7649],[6.5594,58.7636],[6.5624,58.765],[6.5675,58.7661],[6.5727,58.7653],[6.5764,58.762],[6.5737,58.7458],[6.5736,58.7414],[6.5828,58.7383],[6.5966,58.7317],[6.602,58.7295],[6.6061,58.7268],[6.6085,58.7236],[6.6165,58.7153],[6.6228,58.704],[6.622,58.696],[6.6013,58.6871],[6.5779,58.6838],[6.5555,58.6775],[6.5134,58.6701],[6.5071,58.6694],[6.4889,58.6704],[6.4771,58.6715],[6.4607,58.6668],[6.4508,58.6636],[6.4422,58.655],[6.4361,58.6493],[6.469,58.6401],[6.4694,58.6383],[6.4725,58.6365],[6.4767,58.6354],[6.4802,58.6309],[6.4879,58.627],[6.4835,58.6247],[6.4832,58.6233],[6.4921,58.6145],[6.4975,58.6099],[6.5175,58.6205],[6.523,58.6232],[6.5315,58.6266],[6.5325,58.6279],[6.5479,58.6247],[6.5512,58.6233],[6.5594,58.6219],[6.5688,58.6197],[6.5827,58.6152],[6.5862,58.616],[6.5923,58.6187],[6.5962,58.6191],[6.6049,58.6223],[6.6147,58.6251],[6.6106,58.6169],[6.604,58.6081],[6.5955,58.6037],[6.5935,58.6007],[6.5892,58.5963],[6.5879,58.5902],[6.5914,58.5863],[6.5967,58.5858],[6.6035,58.5815],[6.6098,58.5786],[6.6102,58.5764],[6.6088,58.5741],[6.6111,58.5716],[6.6091,58.5694],[6.6081,58.5641],[6.6083,58.5617],[6.6144,58.5573],[6.6182,58.5553],[6.612,58.5471],[6.6121,58.5445],[6.6135,58.5417],[6.608,58.5394],[6.6059,58.5372],[6.6111,58.5349],[6.6084,58.533],[6.6013,58.5206],[6.5957,58.5137],[6.5926,58.5089],[6.5923,58.5065],[6.5928,58.5005],[6.5877,58.4928],[6.5961,58.4966],[6.6074,58.4894],[6.6101,58.4862],[6.6116,58.4825],[6.6101,58.4797],[6.6114,58.4744],[6.6193,58.4705],[6.6135,58.4681],[6.6168,58.4658],[6.6199,58.4572],[6.624,58.4545],[6.6322,58.4514],[6.6302,58.4437],[6.6203,58.4362],[6.6175,58.4354],[6.6096,58.431],[6.6094,58.4304],[6.5996,58.4209],[6.5953,58.4163],[6.596,58.4091],[6.604,58.3875],[6.6087,58.374],[6.6085,58.3722],[6.6039,58.366],[6.6009,58.363],[6.5913,58.358],[6.5878,58.3543],[6.5759,58.3446],[6.5715,58.3388],[6.5603,58.3274],[6.5513,58.3236],[6.5434,58.3195],[6.5162,58.3136],[6.4835,58.3035],[6.4812,58.3019],[6.4706,58.2995],[6.4655,58.2989],[6.4532,58.2963],[6.448,58.2948],[6.4398,58.2907],[6.4374,58.2909],[6.4313,58.2899],[6.4175,58.2864],[6.4163,58.2852],[6.3976,58.2816],[6.3865,58.2781],[6.373,58.2765],[6.1497,58.0279],[6.1645,58.0208],[6.2752,57.9684],[6.344,57.9357],[6.3822,57.9182],[6.3926,57.9137],[6.406,57.9083],[6.4199,57.9032],[6.4342,57.8984],[6.4722,57.8863],[6.487,57.882],[6.5021,57.878],[6.5291,57.8718],[6.7725,57.8189],[6.8633,57.799],[6.879,57.7958],[6.895,57.793],[6.9112,57.7906],[6.9349,57.7877],[7.1023,57.769],[7.1306,57.7658],[7.1472,57.7643],[7.1639,57.7632],[7.1806,57.7625],[7.1974,57.7621],[7.2578,57.7617],[7.4657,57.7599],[7.5574,57.759],[7.5722,57.759],[7.589,57.7594],[7.6057,57.7602],[7.6599,57.7634],[7.6766,57.7647],[7.6931,57.7664],[7.7094,57.7684],[7.7256,57.7709],[7.7567,57.776],[7.7697,57.7783],[7.7854,57.7815],[7.8301,57.7911],[7.8792,57.802],[8.009,57.8309],[8.163,57.8649],[8.1784,57.8685],[8.2977,57.8986],[8.3526,57.9124],[8.3717,57.9172],[8.4134,57.9278],[8.4229,57.9303],[8.4378,57.9346],[8.4523,57.9392],[8.4663,57.9442],[8.48,57.9495],[8.4932,57.9551],[8.5059,57.961],[8.5705,57.9924],[8.6586,58.0351],[8.7315,58.0703],[8.7538,58.0814],[8.8305,58.1193],[8.9189,58.1629],[8.9309,58.1692],[8.9425,58.1758],[9.0087,58.2154],[9.0673,58.2503],[9.113,58.2774],[9.1984,58.3281],[9.2687,58.3696],[9.3641,58.4257],[9.4248,58.4613],[9.5316,58.5236],[9.6034,58.5654],[9.6689,58.6033],[9.5907,58.6463],[9.4797,58.7071],[9.3918,58.7557],[9.3681,58.7698],[9.3661,58.7714],[9.3539,58.7768],[9.3421,58.7807],[9.3367,58.7819],[9.3288,58.7852],[9.3211,58.7825],[9.3177,58.7772],[9.3131,58.7744],[9.305,58.772],[9.3032,58.7746],[9.2972,58.778],[9.2897,58.7837],[9.2856,58.7884],[9.2813,58.7907],[9.2746,58.7957],[9.2619,58.796],[9.2417,58.7957],[9.2309,58.796],[9.2097,58.8008],[9.1963,58.8034],[9.2045,58.8097],[9.2079,58.8131],[9.2043,58.8128],[9.192,58.8145],[9.1907,58.8219],[9.1911,58.8299]]]},"properties":{"fylke":"Agder","fnr":"42"}},
{"type":"Feature","geometry":{"type":"Polygon","coordinates":[[[4.1299,61.4908],[4.1155,61.3514],[4.103,61.23],[4.0955,61.1576],[4.088,61.0838],[4.0875,61.0711],[4.0887,61.032],[4.0893,61.0232],[4.091,61.0115],[4.093,61.0026],[4.0959,60.9937],[4.0996,60.9849],[4.1041,60.9762],[4.1848,60.8334],[4.2292,60.7542],[4.2661,60.6878],[4.3177,60.5948],[4.3384,60.5572],[4.3809,60.48],[4.4145,60.4185],[4.441,60.3698],[4.4676,60.3209],[4.4939,60.2722],[4.5071,60.2306],[4.5271,60.1674],[4.547,60.1041],[4.565,60.0468],[4.5778,60.0058],[4.6065,59.9135],[4.6212,59.8658],[4.6492,59.7749],[4.6614,59.7162],[4.6721,59.665],[4.6037,59.5582],[4.9769,59.4961],[5.1461,59.5117],[5.1874,59.5155],[5.2344,59.504],[5.2432,59.5047],[5.2482,59.5026],[5.2491,59.5013],[5.2548,59.4991],[5.2602,59.4959],[5.2706,59.4937],[5.2791,59.4897],[5.29,59.4881],[5.3018,59.4817],[5.3076,59.4791],[5.312,59.4761],[5.3147,59.4754],[5.3191,59.4773],[5.3283,59.48],[5.3322,59.4805],[5.3345,59.4818],[5.3523,59.4852],[5.3537,59.4878],[5.3557,59.4889],[5.3543,59.4912],[5.3639,59.4943],[5.3706,59.4953],[5.3736,59.4874],[5.3735,59.4851],[5.3875,59.4856],[5.3973,59.4832],[5.4014,59.4842],[5.3894,59.4912],[5.4185,59.495],[5.4227,59.4997],[5.4311,59.4992],[5.4342,59.4974],[5.4537,59.4977],[5.4619,59.4986],[5.4599,59.5154],[5.4726,59.5212],[5.4965,59.5172],[5.5109,59.5225],[5.5199,59.5415],[5.5315,59.5489],[5.551,59.5655],[5.5382,59.6158],[5.5454,59.6613],[5.5708,59.6953],[5.5623,59.725],[5.5807,59.7536],[5.597,59.7526],[5.6349,59.7003],[5.6875,59.6861],[5.7642,59.6997],[5.7745,59.6567],[5.7845,59.6474],[5.7964,59.6458],[5.824,59.6483],[5.824,59.646],[5.8225,59.6406],[5.827,59.6358],[5.8341,59.6316],[5.8439,59.6292],[5.8612,59.6293],[5.8705,59.6279],[5.8773,59.6263],[5.8915,59.6257],[5.8966,59.6227],[5.899,59.6185],[5.8993,59.6116],[5.9027,59.6093],[5.907,59.6079],[5.9116,59.6105],[5.9241,59.6099],[5.948,59.605],[5.963,59.6011],[5.9696,59.5977],[5.9694,59.579],[5.9768,59.5793],[6.0046,59.5851],[6.0082,59.5952],[6.01,59.5938],[6.0146,59.5928],[6.0425,59.5911],[6.0467,59.5948],[6.0546,59.5976],[6.0592,59.5983],[6.0738,59.5969],[6.0893,59.5951],[6.1,59.5911],[6.1181,59.5853],[6.1234,59.5847],[6.1292,59.5872],[6.1435,59.5847],[6.1656,59.5855],[6.183,59.5861],[6.1887,59.594],[6.1888,59.5982],[6.1902,59.601],[6.1889,59.6062],[6.1781,59.6148],[6.1857,59.6184],[6.1874,59.6215],[6.1831,59.6247],[6.1845,59.631],[6.1895,59.6353],[6.186,59.6396],[6.1908,59.6433],[6.1941,59.6441],[6.1993,59.6408],[6.2067,59.6464],[6.2133,59.6557],[6.2131,59.6598],[6.2154,59.6645],[6.2184,59.6767],[6.2247,59.6819],[6.2278,59.6838],[6.2228,59.6866],[6.2264,59.6921],[6.2293,59.6933],[6.2425,59.6969],[6.2684,59.7032],[6.27,59.73],[6.2696,59.732],[6.2713,59.7358],[6.2742,59.74],[6.2948,59.757],[6.3024,59.7674],[6.3255,59.7722],[6.3277,59.7722],[6.3294,59.7762],[6.328,59.7816],[6.3331,59.7839],[6.3423,59.7824],[6.4255,59.7899],[6.442,59.8064],[6.4869,59.8204],[6.514,59.8333],[6.5254,59.8378],[6.5381,59.8428],[6.5625,59.837],[6.5696,59.8317],[6.6023,59.8332],[6.6055,59.8343],[6.61,59.8342],[6.6361,59.839],[6.648,59.8409],[6.6567,59.8446],[6.6583,59.8435],[6.6683,59.8392],[6.6857,59.8306],[6.685,59.8296],[6.69,59.8252],[6.6935,59.823],[6.6865,59.8152],[6.6824,59.7944],[6.6783,59.7926],[6.6803,59.7867],[6.6782,59.7816],[6.6842,59.774],[6.6893,59.7714],[6.6901,59.7695],[6.6774,59.7563],[6.6737,59.75],[6.6698,59.748],[6.669,59.7423],[6.6633,59.7347],[6.6597,59.731],[6.6521,59.7182],[6.6519,59.7114],[6.6573,59.7017],[6.6885,59.6957],[6.7041,59.694],[6.7118,59.6942],[6.7385,59.6999],[6.7466,59.7008],[6.7515,59.7003],[6.7576,59.701],[6.7629,59.6999],[6.7675,59.7005],[6.7713,59.7026],[6.7714,59.7056],[6.7739,59.7081],[6.7818,59.7101],[6.7843,59.7115],[6.7911,59.714],[6.8006,59.7167],[6.816,59.7226],[6.9167,59.7525],[6.9772,59.7721],[7.0963,59.7828],[7.1137,59.793],[7.1455,59.8118],[7.142,59.8225],[7.1498,59.827],[7.1581,59.8285],[7.161,59.8324],[7.1601,59.8363],[7.1534,59.8405],[7.1563,59.8439],[7.1548,59.8456],[7.1464,59.8466],[7.1439,59.8482],[7.1459,59.8492],[7.1413,59.8536],[7.1478,59.8593],[7.15,59.8596],[7.1542,59.8625],[7.1581,59.8672],[7.1582,59.8695],[7.1509,59.8747],[7.1467,59.8803],[7.1499,59.8843],[7.1681,59.9034],[7.1854,59.9195],[7.2117,59.9431],[7.2257,59.9557],[7.2329,59.9627],[7.2458,59.969],[7.2591,59.9759],[7.2613,59.9783],[7.2633,59.9821],[7.2684,59.9843],[7.2764,59.9854],[7.2853,59.9883],[7.2891,59.9886],[7.2945,59.9872],[7.3073,59.9884],[7.3158,59.9864],[7.3198,59.9859],[7.3238,59.9869],[7.3314,59.9897],[7.34,59.9919],[7.3524,59.9959],[7.3765,60],[7.3876,60.0038],[7.4307,60.0173],[7.4364,60.0192],[7.4427,60.0573],[7.4526,60.0675],[7.4668,60.0802],[7.4883,60.0989],[7.5831,60.1757],[7.6098,60.2441],[7.6737,60.2943],[7.6849,60.3665],[7.6921,60.4126],[7.694,60.4264],[7.7036,60.4505],[7.7129,60.473],[7.7178,60.4852],[7.7188,60.4868],[7.723,60.4972],[7.7264,60.5041],[7.7321,60.521],[7.6732,60.5374],[7.6396,60.5596],[7.6323,60.5716],[7.631,60.5757],[7.6217,60.5961],[7.6337,60.6267],[7.6359,60.6329],[7.5463,60.6574],[7.4388,60.66],[7.4696,60.6755],[7.5684,60.7223],[7.6147,60.7442],[7.6852,60.732],[7.7044,60.7391],[7.7126,60.7495],[7.7179,60.7545],[7.7262,60.7611],[7.7215,60.7901],[7.7044,60.7928],[7.7179,60.8086],[7.7504,60.8417],[7.7752,60.8666],[7.803,60.8967],[7.8515,60.9199],[7.879,60.924],[7.9131,60.9096],[7.9352,60.8973],[7.9801,60.9016],[8.0409,60.8932],[8.0912,60.9341],[8.1382,60.9727],[8.1521,60.9788],[8.1539,60.9822],[8.1697,60.9783],[8.1839,60.969],[8.1997,60.9693],[8.2087,60.9701],[8.2194,60.9692],[8.2231,60.9681],[8.2327,60.9938],[8.2328,60.9946],[8.2252,60.9974],[8.2212,60.9996],[8.2209,61.0043],[8.225,61.0066],[8.2286,61.0077],[8.2287,61.009],[8.2467,61.0097],[8.2573,61.0085],[8.2646,61.0173],[8.2827,61.0333],[8.24,61.0496],[8.2144,61.0539],[8.2517,61.0739],[8.2466,61.0767],[8.2366,61.0795],[8.2252,61.0847],[8.2238,61.0881],[8.2212,61.0895],[8.2132,61.0919],[8.2004,61.0939],[8.195,61.0965],[8.1702,61.1027],[8.1439,61.1096],[8.1339,61.1097],[8.1362,61.1157],[8.1267,61.1227],[8.083,61.1622],[8.0756,61.1797],[8.0636,61.1786],[8.0602,61.1767],[8.0561,61.1767],[8.0483,61.1744],[8.044,61.179],[8.0441,61.1807],[8.0606,61.1933],[8.0559,61.2009],[8.0509,61.2118],[8.0532,61.2203],[8.0455,61.2216],[8.0372,61.2217],[8.0314,61.2224],[8.0173,61.2257],[8.0105,61.2283],[8.0078,61.2299],[8.0067,61.235],[8.0221,61.2347],[8.0512,61.2328],[8.0671,61.248],[8.0709,61.2493],[8.0929,61.2551],[8.1102,61.2601],[8.1218,61.2645],[8.1303,61.2669],[8.1357,61.269],[8.1418,61.2746],[8.1374,61.2755],[8.1331,61.2775],[8.1401,61.2791],[8.1507,61.2859],[8.1607,61.2912],[8.1659,61.2984],[8.1746,61.3026],[8.1769,61.3051],[8.1843,61.3041],[8.1867,61.3027],[8.1933,61.3052],[8.2012,61.3049],[8.205,61.3041],[8.2112,61.3047],[8.2122,61.308],[8.2175,61.3072],[8.2223,61.3078],[8.2218,61.312],[8.2187,61.3137],[8.2191,61.3176],[8.2277,61.3144],[8.2364,61.3179],[8.2355,61.3192],[8.2437,61.3213],[8.2403,61.3254],[8.2443,61.3297],[8.2515,61.3344],[8.2511,61.3391],[8.2476,61.3397],[8.2406,61.3392],[8.23,61.3418],[8.2241,61.3428],[8.2198,61.3468],[8.2191,61.3494],[8.2157,61.3543],[8.2128,61.3555],[8.2065,61.3553],[8.2028,61.3529],[8.1939,61.3536],[8.1933,61.3544],[8.1842,61.3565],[8.1804,61.3567],[8.1783,61.3597],[8.1722,61.3621],[8.1705,61.364],[8.1668,61.3641],[8.1614,61.3678],[8.1581,61.3714],[8.1557,61.3775],[8.1569,61.3798],[8.1603,61.3799],[8.1618,61.3846],[8.1616,61.3874],[8.1578,61.3932],[8.1548,61.3955],[8.1555,61.3985],[8.151,61.4218],[8.1504,61.4267],[8.1706,61.4322],[8.1923,61.4388],[8.2147,61.4302],[8.2309,61.4298],[8.2748,61.4313],[8.3025,61.4456],[8.3221,61.4559],[8.3208,61.4572],[8.3037,61.479],[8.2876,61.4896],[8.273,61.5167],[8.2687,61.5231],[8.2623,61.534],[8.2133,61.544],[8.1956,61.5478],[8.1179,61.5228],[8.0161,61.5403],[7.9473,61.5567],[7.9428,61.5824],[7.933,61.6024],[7.8957,61.6436],[7.9044,61.6791],[7.9082,61.7217],[7.8418,61.7431],[7.7525,61.7548],[7.7177,61.7487],[7.6985,61.745],[7.6846,61.7427],[7.6507,61.742],[7.6291,61.7414],[7.5721,61.735],[7.5138,61.7274],[7.5148,61.7497],[7.5148,61.7603],[7.4964,61.774],[7.4915,61.7784],[7.4231,61.845],[7.4125,61.8575],[7.4142,61.8915],[7.3888,61.9331],[7.399,61.9779],[7.3934,61.9925],[7.3901,61.9963],[7.3809,62.003],[7.3675,62.0029],[7.3491,62.0077],[7.3288,62.008],[7.3207,62.0132],[7.3115,62.018],[7.297,62.0182],[7.2848,62.0177],[7.2408,62.0189],[7.2341,62.0341],[7.1995,62.031],[7.1949,62.0307],[7.2037,62.0262],[7.2019,62.0216],[7.1937,62.0166],[7.1855,62.0144],[7.1814,62.0152],[7.1735,62.0138],[7.1708,62.012],[7.1661,62.0126],[7.1568,62.0153],[7.152,62.0138],[7.1354,62.0133],[7.0745,62.0093],[7.0774,62.0068],[7.0828,62.0057],[7.0806,62.0031],[7.0746,61.9989],[7.0692,61.9972],[7.0608,61.9888],[7.0514,61.9844],[7.0429,61.9836],[7.0389,61.9838],[7.0124,61.9866],[6.9929,61.9857],[6.9834,61.9816],[6.9596,61.989],[6.9506,61.9886],[6.9248,61.9817],[6.9125,61.9756],[6.8958,61.9823],[6.8695,61.9769],[6.8519,61.9758],[6.8493,61.9686],[6.8409,61.9635],[6.8297,61.9659],[6.8264,61.9671],[6.8186,61.9685],[6.7995,61.9687],[6.794,61.9699],[6.7869,61.9669],[6.7783,61.9654],[6.7777,61.9614],[6.7748,61.9583],[6.7651,61.9589],[6.7589,61.9551],[6.7481,61.9535],[6.7391,61.9534],[6.7312,61.9543],[6.7278,61.9557],[6.7186,61.9531],[6.7065,61.953],[6.6991,61.9543],[6.6941,61.956],[6.6794,61.9597],[6.6668,61.9624],[6.6563,61.9624],[6.6483,61.961],[6.627,61.9591],[6.6217,61.9583],[6.6085,61.9542],[6.6068,61.9525],[6.6021,61.9513],[6.599,61.9492],[6.594,61.9483],[6.5782,61.9472],[6.5732,61.9454],[6.5705,61.9457],[6.5467,61.9457],[6.5375,61.9462],[6.5303,61.9378],[6.5262,61.9384],[6.523,61.9371],[6.5214,61.9351],[6.5238,61.9324],[6.524,61.9304],[6.5173,61.9265],[6.5013,61.9234],[6.4932,61.9266],[6.4906,61.9268],[6.4881,61.9333],[6.4767,61.9342],[6.4739,61.9387],[6.4752,61.9409],[6.4723,61.9429],[6.4383,61.9494],[6.4327,61.9507],[6.4296,61.9527],[6.4283,61.9549],[6.4295,61.969],[6.4267,61.9761],[6.4238,61.9799],[6.421,61.9817],[6.405,61.9856],[6.3978,61.9834],[6.3802,61.9789],[6.3775,61.9785],[6.3707,61.9755],[6.3626,61.9678],[6.3483,61.9627],[6.3379,61.963],[6.3236,61.9609],[6.3206,61.9588],[6.3113,61.9587],[6.3075,61.9608],[6.3135,61.9647],[6.3073,61.9684],[6.2996,61.971],[6.2877,61.977],[6.2823,61.9788],[6.2774,61.9772],[6.2644,61.9822],[6.2358,61.9918],[6.2388,61.9932],[6.2575,62.0056],[6.2172,62.0094],[6.1998,62.0075],[6.1818,62.0107],[6.1789,62.0059],[6.1704,61.9941],[6.1319,61.987],[6.1419,61.9735],[6.1166,61.9651],[6.0887,61.9617],[6.0637,61.9685],[6.0592,61.9678],[6.056,61.9654],[6.0504,61.9634],[6.0444,61.9621],[6.041,61.957],[6.0364,61.9566],[6.0182,61.9677],[6.0193,61.969],[6.0112,61.9752],[5.9996,61.9775],[5.9898,61.9802],[5.9746,61.987],[5.9648,61.9941],[5.9466,61.9879],[5.9381,61.9897],[5.9363,61.994],[5.9269,61.9966],[5.914,61.9946],[5.9046,61.9926],[5.8945,61.9889],[5.8484,61.9749],[5.8429,61.9734],[5.8312,61.9713],[5.8204,61.9698],[5.8026,61.966],[5.7911,61.9667],[5.7871,61.9698],[5.7842,61.9731],[5.7775,61.9728],[5.7736,61.9735],[5.754,61.9731],[5.7534,61.9771],[5.7497,61.98],[5.7404,61.9788],[5.7298,61.9807],[5.7219,61.9799],[5.7036,61.9688],[5.6933,61.9679],[5.6802,61.974],[5.6626,61.9726],[5.6301,61.968],[5.6201,61.9664],[5.6036,61.966],[5.576,61.9623],[5.5516,61.9604],[5.5381,61.9651],[5.5402,61.9667],[5.5335,61.9715],[5.5296,61.9704],[5.5222,61.9738],[5.5174,61.9753],[5.4939,61.9801],[5.4896,61.9799],[5.4835,61.9829],[5.476,61.9859],[5.4679,61.9822],[5.4615,61.9759],[5.452,61.976],[5.4429,61.9742],[5.4553,61.985],[5.4581,61.9862],[5.4671,61.9925],[5.4717,61.9947],[5.474,61.9947],[5.4829,61.9976],[5.4866,61.9982],[5.4904,62.0007],[5.4936,62.0018],[5.4971,62.005],[5.5032,62.0079],[5.5012,62.0131],[5.4913,62.0148],[5.4855,62.0143],[5.506,62.0547],[5.5031,62.0667],[5.3609,62.1222],[5.3584,62.1548],[5.3573,62.1686],[5.2179,62.2612],[5.0567,62.3102],[4.8166,62.3824],[4.6959,62.2953],[4.6846,62.2866],[4.6755,62.2787],[4.667,62.2707],[4.5789,62.1808],[4.5123,62.1125],[4.5061,62.1059],[4.4412,62.0319],[4.4247,62.0132],[4.2833,61.8496],[4.2265,61.7835],[4.1777,61.7264],[4.1685,61.7145],[4.1629,61.7059],[4.1582,61.6972],[4.1543,61.6884],[4.1512,61.6796],[4.149,61.6707],[4.1477,61.6617],[4.1356,61.5461],[4.1299,61.4908]]]},"properties":{"fylke":"Vestland","fnr":"46"}},
{"type":"Feature","geometry":{"type":"Polygon","coordinates":[[[8.1087,63.5981],[8.1679,63.5193],[8.2098,63.4633],[8.2405,63.4221],[8.3429,63.3594],[8.4339,63.3887],[8.6092,63.4222],[8.7427,63.4475],[8.7551,63.4244],[8.757,63.4212],[8.7629,63.4149],[8.7698,63.4134],[8.786,63.4067],[8.8032,63.4023],[8.801,63.3899],[8.7979,63.3882],[8.7957,63.3828],[8.7986,63.3781],[8.7989,63.3715],[8.8214,63.3709],[8.8259,63.372],[8.8487,63.3661],[8.8567,63.3672],[8.8679,63.3708],[8.8722,63.3644],[8.8921,63.3535],[8.9111,63.3565],[8.9046,63.3488],[8.8826,63.3436],[8.8824,63.3362],[8.8701,63.3299],[8.8631,63.3217],[8.8654,63.316],[8.8645,63.3041],[8.866,63.2952],[8.8493,63.2901],[8.8157,63.2661],[8.8212,63.2605],[8.8279,63.2442],[8.8627,63.2313],[8.8617,63.2197],[8.8376,63.2152],[8.8322,63.202],[8.8333,63.1988],[8.819,63.1948],[8.7624,63.1898],[8.6722,63.1873],[8.5691,63.1716],[8.4829,63.1497],[8.369,63.1479],[8.3332,63.158],[8.2635,63.1545],[8.1501,63.143],[8.1027,63.1294],[8.1507,63.0954],[8.203,63.0228],[8.2437,63.0121],[8.2576,63.0205],[8.2633,63.0243],[8.2676,63.0254],[8.2738,63.0259],[8.2835,63.0303],[8.2968,63.0381],[8.3286,63.0451],[8.3306,63.0436],[8.3383,63.0355],[8.3467,63.0392],[8.3448,63.041],[8.356,63.043],[8.3621,63.046],[8.3805,63.0525],[8.389,63.0535],[8.4028,63.0569],[8.407,63.0542],[8.4252,63.0467],[8.4298,63.0493],[8.437,63.0516],[8.4372,63.0655],[8.454,63.0728],[8.4537,63.0738],[8.4815,63.0797],[8.4929,63.0682],[8.4974,63.0617],[8.502,63.049],[8.526,63.0579],[8.5471,63.056],[8.5536,63.0616],[8.5754,63.0646],[8.5927,63.0648],[8.6223,63.0709],[8.633,63.0686],[8.6411,63.07],[8.6477,63.0725],[8.6526,63.0642],[8.6802,63.0716],[8.6887,63.0734],[8.7059,63.0828],[8.7213,63.0854],[8.7348,63.0945],[8.7388,63.095],[8.7478,63.0986],[8.7773,63.1071],[8.7727,63.1113],[8.7747,63.1141],[8.7831,63.1164],[8.7926,63.1228],[8.7963,63.1233],[8.8072,63.1266],[8.8167,63.1264],[8.8193,63.1258],[8.8336,63.1261],[8.8425,63.1222],[8.8472,63.1221],[8.8565,63.1181],[8.8601,63.1143],[8.8694,63.1167],[8.8865,63.1206],[8.8987,63.1221],[8.9051,63.1203],[8.9111,63.1179],[8.97,63.1339],[8.9805,63.1249],[8.9832,63.1212],[8.9845,63.1157],[8.9952,63.1036],[8.9932,63.1025],[8.9838,63.1002],[8.9719,63.0958],[8.959,63.0931],[8.9717,63.077],[8.9728,63.0725],[8.9807,63.0731],[8.9994,63.073],[9.0134,63.0739],[9.0233,63.0761],[9.0314,63.0793],[9.0338,63.0836],[9.0391,63.086],[9.0527,63.0894],[9.0672,63.0904],[9.0819,63.0901],[9.0837,63.0904],[9.0915,63.0683],[9.0974,63.0574],[9.0998,63.0514],[9.1043,63.0439],[9.11,63.0442],[9.1142,63.0401],[9.1071,63.0383],[9.104,63.035],[9.1035,63.0326],[9.1044,63.0291],[9.1099,63.0286],[9.1235,63.0236],[9.1322,63.0166],[9.1479,63.0181],[9.1563,63.017],[9.1552,63.0153],[9.1484,63.0163],[9.1382,63.0154],[9.1398,63.0144],[9.1476,63.0148],[9.1527,63.0146],[9.1543,63.0135],[9.1535,63.0108],[9.1507,63.0075],[9.1474,63.0057],[9.1418,63.0048],[9.1399,63.0027],[9.1407,63.0009],[9.1472,62.9974],[9.1478,62.9958],[9.1536,62.9955],[9.1671,62.993],[9.1776,62.993],[9.1735,62.9841],[9.1669,62.9846],[9.1584,62.9887],[9.1533,62.9903],[9.1491,62.993],[9.1444,62.9899],[9.1407,62.9884],[9.1368,62.9857],[9.1312,62.9851],[9.1296,62.9811],[9.1221,62.9788],[9.1182,62.9783],[9.1176,62.9752],[9.1128,62.9726],[9.1107,62.9707],[9.114,62.9688],[9.1154,62.9659],[9.1119,62.9635],[9.1131,62.9608],[9.1276,62.9587],[9.131,62.9577],[9.1275,62.9552],[9.1215,62.957],[9.1145,62.958],[9.1178,62.9552],[9.116,62.9541],[9.1202,62.952],[9.125,62.9467],[9.1211,62.945],[9.1201,62.9433],[9.1227,62.9383],[9.1224,62.9351],[9.1329,62.9323],[9.1363,62.9272],[9.1489,62.927],[9.1527,62.925],[9.1571,62.9251],[9.1681,62.9185],[9.1743,62.9172],[9.1776,62.9171],[9.2033,62.9251],[9.2667,62.9258],[9.3079,62.9053],[9.3125,62.8939],[9.3122,62.8914],[9.3,62.8896],[9.2861,62.8773],[9.3312,62.8621],[9.3246,62.8521],[9.3245,62.8194],[9.3236,62.8095],[9.3308,62.7987],[9.3648,62.7941],[9.2179,62.7687],[9.1468,62.7565],[9.1412,62.756],[9.1375,62.7569],[9.1222,62.755],[9.1152,62.7556],[9.1038,62.7541],[9.0934,62.7554],[9.0935,62.758],[9.0845,62.7597],[9.0771,62.7596],[9.063,62.7496],[9.0577,62.7463],[8.9864,62.7418],[8.92,62.7118],[8.9812,62.6622],[9.0121,62.664],[9.0588,62.6376],[9.0675,62.6322],[9.0806,62.6253],[9.1114,62.6055],[9.1256,62.5865],[9.1271,62.5854],[9.1392,62.5825],[9.1461,62.5792],[9.1496,62.5782],[9.148,62.5765],[9.1521,62.5751],[9.1543,62.5729],[9.1617,62.5745],[9.1714,62.5756],[9.1722,62.5739],[9.1891,62.5766],[9.196,62.577],[9.1963,62.5741],[9.2015,62.5721],[9.221,62.5747],[9.2233,62.5704],[9.232,62.5683],[9.232,62.5663],[9.2372,62.5598],[9.2437,62.5561],[9.2431,62.5528],[9.2388,62.549],[9.237,62.5435],[9.2383,62.5401],[9.2379,62.5363],[9.2307,62.54],[9.2239,62.5305],[9.2217,62.5283],[9.2203,62.5243],[9.2232,62.5215],[9.2222,62.5203],[9.2172,62.5199],[9.2093,62.5224],[9.2064,62.5216],[9.2075,62.5187],[9.2116,62.5136],[9.2127,62.5066],[9.211,62.5005],[9.2081,62.4997],[9.1967,62.4801],[9.1843,62.4583],[9.1987,62.4475],[9.1836,62.4266],[9.1422,62.3984],[9.1087,62.3835],[9.1047,62.382],[9.0713,62.3745],[9.0621,62.3726],[9.0974,62.3631],[9.2127,62.3431],[9.2238,62.3417],[9.3605,62.3177],[9.4839,62.2923],[9.4867,62.2916],[9.5151,62.278],[9.5472,62.2697],[9.5512,62.2691],[9.6019,62.2557],[9.6273,62.2618],[9.634,62.2631],[9.6922,62.2772],[9.7181,62.2828],[9.7925,62.2879],[9.7984,62.2878],[9.8019,62.289],[9.8137,62.2948],[9.8186,62.2968],[9.8273,62.2992],[9.827,62.3004],[9.8293,62.3053],[9.8348,62.3073],[9.8336,62.3121],[9.8396,62.3149],[9.8351,62.3201],[9.8328,62.3264],[9.8347,62.3299],[9.8393,62.3306],[9.8475,62.3298],[9.8533,62.3301],[9.8544,62.3318],[9.844,62.3333],[9.8457,62.3363],[9.8418,62.3395],[9.8338,62.3396],[9.8293,62.3404],[9.8262,62.3422],[9.8214,62.3428],[9.8221,62.3442],[9.8393,62.3621],[9.9003,62.3444],[9.9342,62.3552],[9.9534,62.3814],[9.9518,62.3972],[10.0976,62.4278],[10.0569,62.4799],[10.0385,62.5032],[10.0324,62.5135],[10.0202,62.5329],[10.0202,62.534],[10.0057,62.5581],[10.0061,62.5582],[10.0388,62.5678],[10.0347,62.5698],[10.0325,62.5721],[10.0309,62.5757],[10.0273,62.5804],[10.0267,62.5856],[10.039,62.5897],[10.047,62.5965],[10.0567,62.6001],[10.0742,62.6019],[10.0758,62.6057],[10.0863,62.6254],[10.1019,62.6366],[10.109,62.6536],[10.1195,62.6643],[10.136,62.6698],[10.1373,62.6735],[10.14,62.6752],[10.1476,62.6767],[10.1459,62.6822],[10.1498,62.6839],[10.157,62.6846],[10.163,62.686],[10.1597,62.6913],[10.1765,62.6969],[10.1804,62.6956],[10.1859,62.6952],[10.1919,62.6913],[10.1922,62.6885],[10.1975,62.6877],[10.2063,62.6923],[10.2387,62.6951],[10.3251,62.6953],[10.3648,62.6909],[10.4439,62.682],[10.4881,62.6767],[10.5928,62.6638],[10.5974,62.6638],[10.6495,62.6766],[10.6731,62.6751],[10.7118,62.666],[10.7181,62.6502],[10.7403,62.6455],[10.7924,62.6791],[10.8253,62.6883],[10.8513,62.6929],[10.9282,62.6963],[10.9313,62.6944],[11.0438,62.6668],[11.1225,62.6618],[11.1234,62.6615],[11.1254,62.6605],[11.1269,62.6565],[11.1348,62.6526],[11.1315,62.6499],[11.135,62.6488],[11.1384,62.6505],[11.1439,62.6507],[11.146,62.6499],[11.1608,62.6474],[11.1657,62.6195],[11.1645,62.616],[11.1668,62.6135],[11.181,62.6072],[11.1854,62.6055],[11.1894,62.6025],[11.1962,62.5943],[11.1968,62.5911],[11.1953,62.5892],[11.1966,62.5832],[11.1949,62.5783],[11.1958,62.5762],[11.1961,62.5708],[11.2042,62.5719],[11.2101,62.5714],[11.2142,62.5704],[11.2204,62.5702],[11.2284,62.571],[11.2332,62.5707],[11.2401,62.5673],[11.2439,62.5669],[11.2452,62.5598],[11.2485,62.5571],[11.2517,62.5522],[11.2446,62.5441],[11.2514,62.5369],[11.2545,62.5344],[11.2542,62.5325],[11.2816,62.529],[11.2855,62.5313],[11.2906,62.5294],[11.2958,62.5247],[11.2977,62.5222],[11.3065,62.5199],[11.3095,62.5204],[11.317,62.5203],[11.3251,62.5178],[11.3292,62.5174],[11.3296,62.5159],[11.3339,62.5144],[11.3404,62.5145],[11.371,62.4937],[11.4289,62.4798],[11.447,62.4701],[11.4556,62.4629],[11.4606,62.4572],[11.4616,62.4536],[11.4679,62.4509],[11.4688,62.449],[11.4774,62.4455],[11.4799,62.4439],[11.4809,62.4415],[11.4852,62.441],[11.4861,62.4393],[11.4913,62.4373],[11.5133,62.4151],[11.5164,62.4122],[11.5215,62.4054],[11.532,62.3899],[11.5364,62.3853],[11.5429,62.3811],[11.5467,62.3771],[11.5561,62.3716],[11.5656,62.3707],[11.57,62.3718],[11.5918,62.3728],[11.6146,62.3765],[11.6566,62.3808],[11.6717,62.3818],[11.6743,62.3776],[11.6877,62.3674],[11.6891,62.3661],[11.6881,62.3517],[11.6915,62.3496],[11.697,62.3495],[11.7,62.3503],[11.7036,62.3491],[11.7134,62.3484],[11.7197,62.3472],[11.729,62.3486],[11.7271,62.3504],[11.7314,62.355],[11.73,62.3578],[11.7266,62.3601],[11.7318,62.361],[11.7349,62.36],[11.742,62.3599],[11.7477,62.3619],[11.7565,62.3693],[11.7564,62.3732],[11.7617,62.3788],[11.7662,62.3817],[11.7749,62.3827],[11.7816,62.3815],[11.7876,62.3794],[11.8369,62.3745],[11.8979,62.3686],[11.9224,62.3662],[11.9628,62.3624],[11.984,62.3601],[11.9876,62.3594],[11.993,62.3541],[11.9955,62.3537],[12.0044,62.3539],[12.0123,62.3532],[12.0147,62.3536],[12.0233,62.3517],[12.0383,62.3491],[12.0422,62.3492],[12.0521,62.3472],[12.051,62.3455],[12.0584,62.3464],[12.0648,62.3438],[12.0753,62.3349],[12.0838,62.3299],[12.0994,62.3232],[12.1068,62.3185],[12.1101,62.3171],[12.1261,62.3128],[12.131,62.31],[12.1382,62.3099],[12.1413,62.3115],[12.1506,62.3114],[12.1533,62.3136],[12.1577,62.3145],[12.1624,62.3126],[12.1666,62.3129],[12.1692,62.3169],[12.1748,62.3174],[12.1829,62.3196],[12.1874,62.3241],[12.1921,62.3272],[12.2099,62.3312],[12.2178,62.3306],[12.2228,62.3295],[12.2271,62.3277],[12.2315,62.3275],[12.2376,62.3286],[12.2426,62.3305],[12.2547,62.331],[12.2049,62.4011],[12.1816,62.4342],[12.1653,62.4576],[12.1413,62.4908],[12.1055,62.5411],[12.0561,62.6119],[12.0914,62.6716],[12.1364,62.7479],[12.1038,62.8295],[12.0747,62.9025],[12.1348,62.9432],[12.1704,62.9674],[12.2182,63.0003],[12.1413,63.0863],[12.0728,63.161],[12.0525,63.1833],[12.0241,63.2146],[11.9983,63.2426],[11.9746,63.2692],[12.0338,63.3163],[12.0841,63.3556],[12.1401,63.4107],[12.2129,63.4786],[12.1824,63.5339],[12.1498,63.5939],[12.2273,63.6309],[12.2995,63.672],[12.3306,63.7151],[12.4026,63.7649],[12.4408,63.7913],[12.4802,63.8188],[12.5381,63.8623],[12.6099,63.9174],[12.6516,63.9495],[12.6836,63.9742],[12.8342,64.0263],[12.9267,64.058],[13.0849,64.0787],[13.2111,64.0954],[13.2985,64.0874],[13.3785,64.0797],[13.5377,64.0655],[13.7154,64.0463],[13.8886,64.0198],[13.9675,64.008],[14.0122,64.0503],[14.0706,64.108],[14.1118,64.1495],[14.1571,64.1951],[14.1447,64.2843],[14.1292,64.3724],[14.1139,64.4625],[14.0852,64.4782],[14.0551,64.4828],[13.8912,64.5071],[13.7509,64.5502],[13.6543,64.5803],[13.7055,64.64],[13.7574,64.6817],[13.7947,64.7116],[13.8734,64.7757],[13.9313,64.8221],[13.9776,64.8597],[14.0152,64.8898],[14.0773,64.9389],[14.1299,64.9786],[14.227,65.0487],[14.326,65.1189],[14.3166,65.1215],[14.2967,65.1151],[14.2778,65.1239],[14.2638,65.1236],[14.2595,65.1239],[14.2525,65.1314],[14.2309,65.1316],[14.1915,65.1311],[14.1837,65.1333],[14.1754,65.1372],[14.1702,65.1386],[14.1643,65.1392],[14.1454,65.1355],[14.1086,65.1286],[14.0639,65.122],[14.0269,65.1273],[14.0122,65.1295],[13.9901,65.1284],[13.9585,65.1271],[13.9489,65.1268],[13.9316,65.1187],[13.9023,65.1186],[13.8341,65.1183],[13.8302,65.1175],[13.8144,65.1154],[13.7805,65.1106],[13.7097,65.1126],[13.7078,65.1123],[13.6611,65.1083],[13.6289,65.1053],[13.6047,65.1084],[13.5653,65.1132],[13.5513,65.1148],[13.5298,65.1167],[13.5083,65.1135],[13.4112,65.0991],[13.304,65.1021],[13.2348,65.1092],[13.2171,65.1106],[13.1525,65.1159],[13.0854,65.11],[13.0532,65.0738],[13.0461,65.0742],[13.0364,65.0732],[13.022,65.0727],[13.0076,65.0701],[12.996,65.0684],[12.9676,65.0329],[12.9299,65.0388],[12.9079,65.0291],[12.911,65.0171],[12.9217,65.0139],[12.9306,65.0102],[12.9351,65.006],[12.9461,65.0018],[12.9481,65],[12.9342,64.9846],[12.907,64.9742],[12.7747,64.9755],[12.7913,64.9534],[12.7683,64.9408],[12.7479,64.9428],[12.7281,64.9483],[12.7151,64.9526],[12.7085,64.9522],[12.6546,64.9459],[12.6477,64.9444],[12.6287,64.9395],[12.6123,64.9485],[12.6054,64.9525],[12.5872,64.9625],[12.5858,64.9691],[12.5809,64.9871],[12.5613,64.9903],[12.5559,64.9889],[12.5212,64.9782],[12.5078,64.9771],[12.5049,64.9775],[12.484,64.9829],[12.4774,64.9842],[12.4726,64.9842],[12.4655,64.9827],[12.4518,64.988],[12.4235,64.9916],[12.4082,64.9927],[12.3892,64.9912],[12.3709,64.9864],[12.3678,64.9853],[12.3494,64.9804],[12.3122,64.97],[12.307,64.9683],[12.2897,64.9636],[12.2768,64.9598],[12.2602,64.9643],[12.2477,64.9714],[12.238,64.968],[12.2199,64.971],[12.2105,64.9736],[12.2054,64.9725],[12.1888,64.9775],[12.1808,64.9823],[12.1798,64.9899],[12.1833,64.9938],[12.1916,64.9991],[12.1614,65.0064],[12.1531,65.015],[12.1526,65.0172],[12.1499,65.0189],[12.1343,65.0218],[12.1262,65.0175],[12.1241,65.0125],[12.12,65.0129],[12.1317,64.999],[12.1141,65.0043],[12.0851,64.9999],[12.0791,65.0023],[12.0768,65.0052],[12.0728,65.0055],[12.0698,65.0104],[12.0655,65.0128],[12.0586,65.0129],[12.0551,65.0142],[12.0496,65.0151],[12.0436,65.0242],[12.041,65.0298],[12.036,65.0301],[12.0401,65.0348],[12.0393,65.0393],[12.0367,65.044],[12.0377,65.0477],[12.0454,65.0561],[12.0444,65.061],[12.0488,65.0656],[12.0489,65.0669],[12.0404,65.0676],[12.0352,65.0674],[12.0283,65.0683],[11.9841,65.068],[11.9843,65.0706],[11.9804,65.071],[11.9732,65.0735],[11.9657,65.0752],[11.9596,65.0778],[11.9539,65.0761],[11.9515,65.0731],[11.9421,65.0674],[11.9243,65.0679],[11.9074,65.0663],[11.8786,65.0664],[11.8802,65.0687],[11.8942,65.0714],[11.8992,65.0763],[11.9171,65.0799],[11.9245,65.093],[11.923,65.0957],[11.9261,65.0967],[11.9209,65.0997],[11.9462,65.1098],[11.9602,65.1168],[11.9496,65.1185],[11.9359,65.1266],[11.9401,65.1375],[11.9443,65.1409],[11.9425,65.1433],[11.9447,65.1441],[11.9437,65.1463],[11.9461,65.1489],[11.9388,65.1489],[11.9155,65.1604],[11.8362,65.1579],[11.6576,65.1983],[11.486,65.2369],[11.4004,65.2957],[11.0214,65.3944],[10.5781,65.4702],[10.4728,65.3688],[10.4516,65.3484],[10.3659,65.2652],[10.1488,65.0517],[10.0894,64.9927],[10.0823,64.9852],[10.0752,64.9768],[10.0117,64.8942],[10.0067,64.8873],[10.0014,64.8786],[9.997,64.8698],[9.8038,64.7782],[9.6998,64.7284],[9.3252,64.5473],[8.9405,64.3577],[8.6241,64.2401],[8.5729,64.2209],[8.3598,64.1406],[8.2372,64.094],[8.1646,64.0663],[8.1444,64.0581],[8.1301,64.0516],[8.1161,64.0449],[8.1027,64.0381],[8.0901,64.0311],[7.886,63.9104],[7.7631,63.8372],[7.6481,63.7682],[7.7421,63.7374],[7.89,63.6887],[8.0095,63.6491],[8.1087,63.5981]]]},"properties":{"fylke":"Trøndelag","fnr":"50"}},
{"type":"Feature","geometry":{"type":"Polygon","coordinates":[[[17.16,69.8115],[17.0555,69.745],[16.9343,69.7202],[16.7899,69.6904],[16.677,69.667],[16.5704,69.6494],[16.2544,69.5967],[16.396,69.4997],[16.5176,69.4155],[16.4608,69.3469],[16.4325,69.3126],[16.3629,69.2277],[16.3126,69.1659],[16.199,69.0976],[16.1235,69.0519],[16.0523,69.0086],[16.1123,68.9318],[16.0265,68.9093],[16.0016,68.8829],[15.9473,68.8512],[15.9308,68.8252],[15.9386,68.8115],[16.024,68.8137],[16.0457,68.7578],[16.0057,68.7556],[15.9972,68.7536],[15.985,68.7526],[15.9745,68.7502],[15.9762,68.7488],[15.9708,68.745],[15.9724,68.7403],[15.9638,68.7375],[15.9603,68.7383],[15.9584,68.7405],[15.9369,68.7308],[15.9281,68.7302],[15.9153,68.732],[15.9006,68.7299],[15.8903,68.7276],[15.8888,68.725],[15.8889,68.7213],[15.893,68.7186],[15.887,68.7112],[15.8802,68.7091],[15.869,68.7086],[15.8689,68.7096],[15.8551,68.7097],[15.8442,68.7088],[15.8374,68.7113],[15.8329,68.7096],[15.8032,68.711],[15.7976,68.7088],[15.7877,68.7087],[15.7866,68.7079],[15.7925,68.7022],[15.7922,68.7005],[15.7778,68.6877],[15.7778,68.6863],[15.7842,68.6833],[15.7898,68.6785],[15.801,68.6772],[15.8016,68.6756],[15.7973,68.6722],[15.7901,68.6678],[15.7793,68.6574],[15.7819,68.6557],[15.7774,68.6518],[15.768,68.6498],[15.7634,68.6462],[15.7574,68.643],[15.7456,68.6414],[15.7363,68.6409],[15.7291,68.6423],[15.7254,68.6448],[15.7212,68.6455],[15.7149,68.645],[15.7055,68.6482],[15.701,68.6484],[15.6888,68.6441],[15.6807,68.642],[15.6774,68.6389],[15.6779,68.637],[15.6618,68.6322],[15.6506,68.6317],[15.6455,68.6326],[15.6501,68.6231],[15.6626,68.6142],[15.6649,68.609],[15.6598,68.6057],[15.6698,68.6017],[15.6746,68.597],[15.6728,68.5942],[15.6676,68.5894],[15.6679,68.5867],[15.6491,68.5816],[15.6328,68.5756],[15.6146,68.5763],[15.6034,68.5719],[15.5948,68.5708],[15.5941,68.5681],[15.6004,68.567],[15.6084,68.5632],[15.6067,68.5574],[15.6126,68.5532],[15.6121,68.5497],[15.614,68.5479],[15.6196,68.5468],[15.6163,68.5431],[15.6218,68.5419],[15.6257,68.5396],[15.626,68.5378],[15.6297,68.5368],[15.6275,68.5308],[15.6316,68.5283],[15.6503,68.5264],[15.6532,68.5254],[15.6525,68.5215],[15.6556,68.5151],[15.6575,68.514],[15.6676,68.5114],[15.6648,68.5091],[15.6657,68.504],[15.6707,68.5009],[15.6705,68.4995],[15.6626,68.4981],[15.6725,68.4879],[15.6754,68.4855],[15.6727,68.4827],[15.6649,68.4788],[15.6609,68.4782],[15.6539,68.4739],[15.6426,68.4732],[15.636,68.4719],[15.6317,68.4702],[15.6336,68.4659],[15.6235,68.4637],[15.6207,68.4616],[15.6151,68.4592],[15.6161,68.4552],[15.6181,68.453],[15.6303,68.4486],[15.6405,68.4461],[15.6487,68.4433],[15.649,68.4474],[15.6505,68.4501],[15.6597,68.4555],[15.6749,68.4576],[15.6762,68.4589],[15.6823,68.4601],[15.6914,68.4641],[15.6864,68.4718],[15.6901,68.4742],[15.6941,68.4754],[15.6974,68.478],[15.7039,68.4818],[15.7148,68.4852],[15.7308,68.4884],[15.7329,68.4894],[15.7425,68.4909],[15.7483,68.4905],[15.7565,68.4921],[15.758,68.4965],[15.7532,68.5],[15.7594,68.5038],[15.7656,68.5036],[15.7692,68.5054],[15.7789,68.5052],[15.7823,68.507],[15.782,68.5106],[15.7847,68.5118],[15.8047,68.5168],[15.8083,68.5202],[15.816,68.5239],[15.8291,68.5345],[15.8723,68.5326],[15.8911,68.534],[15.8919,68.5403],[15.8949,68.5431],[15.8954,68.5479],[15.8981,68.549],[15.8929,68.5518],[15.8888,68.557],[15.8895,68.559],[15.8971,68.5611],[15.906,68.5626],[15.9068,68.567],[15.9097,68.5688],[15.9102,68.5723],[15.9163,68.5759],[15.9211,68.5796],[15.9289,68.5832],[15.9291,68.5875],[15.9276,68.5913],[15.9289,68.5948],[15.9317,68.5966],[15.9333,68.601],[15.9392,68.6016],[15.9442,68.6033],[15.943,68.6071],[15.9463,68.6095],[15.9556,68.6099],[15.9589,68.6109],[15.9623,68.6139],[15.9769,68.6072],[15.9804,68.6033],[15.9875,68.6001],[16.0027,68.5961],[16.0055,68.5933],[16.0079,68.5881],[15.997,68.5862],[15.9981,68.5846],[16.006,68.5817],[16.0133,68.5798],[16.0195,68.5796],[16.0243,68.5771],[16.0278,68.5739],[16.0267,68.5698],[16.0301,68.5679],[16.0213,68.5639],[16.0074,68.5588],[15.9972,68.5563],[15.9972,68.5514],[16.0063,68.5471],[16.0072,68.545],[16.0053,68.5432],[16.0079,68.5414],[16.052,68.5302],[16.0568,68.5317],[16.064,68.5321],[16.0711,68.5347],[16.0813,68.5367],[16.096,68.5375],[16.1063,68.5389],[16.1251,68.5389],[16.126,68.5254],[16.1608,68.5221],[16.0405,68.4224],[16.0299,68.3768],[16.1622,68.3721],[16.2874,68.3975],[16.4113,68.4064],[16.4985,68.4277],[16.5677,68.4343],[16.5574,68.4472],[16.5604,68.4489],[16.5669,68.4548],[16.5531,68.4597],[16.5554,68.4633],[16.5601,68.4662],[16.5609,68.4678],[16.5581,68.4714],[16.5526,68.4759],[16.5527,68.4847],[16.5537,68.4903],[16.5644,68.4994],[16.5678,68.5016],[16.5769,68.5031],[16.5778,68.5019],[16.6231,68.4989],[16.6289,68.499],[16.6473,68.5012],[16.6684,68.5035],[16.7143,68.5108],[16.7372,68.5196],[16.7394,68.5213],[16.7468,68.5222],[16.7463,68.5267],[16.75,68.5266],[16.7565,68.5288],[16.7567,68.5304],[16.7635,68.5338],[16.7691,68.5353],[16.7737,68.535],[16.7749,68.5367],[16.7853,68.5376],[16.7884,68.5383],[16.7903,68.5412],[16.7971,68.5454],[16.8028,68.5447],[16.8669,68.5728],[16.9192,68.5703],[16.936,68.5697],[16.9425,68.5692],[16.9752,68.5681],[17.0269,68.566],[17.039,68.5654],[17.0814,68.5637],[17.1051,68.5625],[17.1384,68.5612],[17.1633,68.5597],[17.1861,68.5587],[17.1955,68.5575],[17.2045,68.5573],[17.2078,68.5579],[17.2362,68.5587],[17.2738,68.56],[17.3377,68.5625],[17.5476,68.597],[17.651,68.5973],[17.7457,68.5975],[17.7976,68.5998],[17.8452,68.602],[17.9335,68.6059],[17.9593,68.6074],[17.9635,68.6072],[18.0148,68.6074],[18.0233,68.6085],[18.0392,68.5973],[18.0548,68.5858],[18.0627,68.5808],[18.0817,68.567],[18.1001,68.5545],[18.1165,68.5425],[18.1259,68.5365],[18.2999,68.5645],[18.4057,68.5819],[18.4855,68.5565],[18.5526,68.5328],[18.6212,68.507],[18.685,68.5085],[18.7403,68.5104],[18.9838,68.517],[19.14,68.4907],[19.2315,68.4752],[19.3523,68.4547],[19.4493,68.4382],[19.5009,68.4294],[19.7076,68.3939],[19.9214,68.356],[19.978,68.3882],[20.1106,68.4438],[20.2265,68.4908],[20.1406,68.508],[20.0259,68.5308],[19.9375,68.5579],[20.0522,68.5911],[20.2028,68.6659],[20.2739,68.7403],[20.301,68.7676],[20.3359,68.8023],[20.3219,68.8556],[20.3066,68.9262],[20.2629,68.9448],[20.2379,68.9561],[20.1084,69.0219],[20.06,69.0458],[20.3031,69.0527],[20.5523,69.0601],[20.7173,69.1198],[20.8812,69.0789],[21.0575,69.0363],[21.1087,69.1039],[21.0556,69.1221],[21.0467,69.1395],[20.9876,69.1919],[21.0033,69.2223],[21.0321,69.2343],[21.0962,69.2609],[21.208,69.2921],[21.2788,69.3119],[21.3657,69.3026],[21.4417,69.2946],[21.6271,69.2766],[21.6818,69.2413],[21.7233,69.2145],[21.8464,69.1442],[21.9836,69.0729],[21.9988,69.073],[22.1095,69.0758],[22.2163,69.0786],[22.3189,69.0796],[22.351,69.0898],[22.4178,69.1029],[22.4786,69.1099],[22.5007,69.126],[22.4945,69.1431],[22.5289,69.1615],[22.5284,69.1661],[22.5163,69.1777],[22.533,69.2027],[22.5237,69.2247],[22.5262,69.2335],[22.5298,69.2383],[22.5088,69.2612],[22.4988,69.2648],[22.4886,69.2667],[22.4826,69.2667],[22.454,69.2878],[22.4492,69.2922],[22.4337,69.3075],[22.3993,69.3282],[22.3656,69.3628],[22.3278,69.3679],[22.3253,69.3961],[22.2872,69.4292],[22.3018,69.4527],[22.2793,69.467],[22.2732,69.4704],[22.2793,69.4823],[22.3805,69.4866],[22.4447,69.5],[22.5107,69.5134],[22.6315,69.519],[22.6359,69.5189],[22.675,69.5159],[22.722,69.5085],[22.7032,69.5422],[22.7433,69.5499],[22.7441,69.5603],[22.7457,69.562],[22.7709,69.5801],[22.7773,69.6068],[22.8181,69.6151],[22.8468,69.6215],[22.8945,69.6474],[22.8696,69.6571],[22.8348,69.6672],[22.8034,69.6577],[22.7551,69.6455],[22.5999,69.6884],[22.5719,69.6962],[22.5387,69.7262],[22.5552,69.7476],[22.5362,69.7696],[22.5022,69.7794],[22.4515,69.7907],[22.4882,69.8192],[22.5121,69.8307],[22.5337,69.8437],[22.5466,69.846],[22.5318,69.8608],[22.5032,69.8633],[22.4775,69.8631],[22.4486,69.8734],[22.5267,69.901],[22.4972,69.9188],[22.4793,69.9218],[22.4386,69.9266],[22.4027,69.9244],[22.34,69.936],[22.3236,69.9383],[22.2821,69.9456],[22.2713,69.9509],[22.2432,69.9609],[22.2476,69.9761],[22.2331,69.9818],[22.2252,69.9911],[22.2043,70.0033],[22.2014,70.0065],[22.1977,70.0068],[22.1869,70.0101],[22.1858,70.0117],[22.1891,70.014],[22.1895,70.0164],[22.1872,70.0188],[22.1883,70.0215],[22.1864,70.0255],[22.1896,70.0274],[22.1963,70.0297],[22.2035,70.0302],[22.2076,70.0313],[22.2148,70.0351],[22.2104,70.0366],[22.2168,70.0387],[22.2125,70.0587],[22.2016,70.0652],[22.1871,70.0652],[22.1702,70.0645],[22.1192,70.1194],[22.1114,70.1223],[22.1056,70.1267],[22.1091,70.1283],[22.1242,70.1319],[22.1289,70.1388],[22.1193,70.1705],[22.0864,70.1717],[22.0748,70.171],[22.0665,70.1688],[22.0547,70.1668],[22.0438,70.1655],[22.0163,70.1641],[22.0063,70.163],[22.0011,70.1617],[21.9917,70.1561],[21.9862,70.1538],[21.9719,70.1521],[21.9665,70.1509],[21.9648,70.1493],[21.9135,70.1583],[21.913,70.1421],[21.8696,70.13],[21.8765,70.1114],[21.8292,70.1008],[21.8239,70.103],[21.8219,70.1048],[21.8161,70.1054],[21.8132,70.11],[21.7948,70.1163],[21.7889,70.1177],[21.7673,70.1202],[21.7537,70.1204],[21.7443,70.1215],[21.7355,70.1215],[21.7246,70.1222],[21.7214,70.123],[21.713,70.1277],[21.7122,70.1316],[21.7154,70.1357],[21.721,70.1407],[21.7092,70.1412],[21.7006,70.1423],[21.6925,70.1442],[21.6804,70.1483],[21.683,70.1515],[21.6702,70.1518],[21.6645,70.1525],[21.6616,70.1539],[21.6585,70.1577],[21.6588,70.1603],[21.6528,70.1629],[21.647,70.1637],[21.6344,70.1668],[21.6284,70.1662],[21.6233,70.1684],[21.6206,70.1711],[21.6212,70.1741],[21.6156,70.175],[21.6086,70.1782],[21.61,70.18],[21.6183,70.1814],[21.6245,70.1841],[21.6287,70.1874],[21.6286,70.1895],[21.615,70.191],[21.5689,70.1953],[21.5399,70.1925],[21.5346,70.1869],[21.5267,70.183],[21.5148,70.1824],[21.5097,70.183],[21.5056,70.182],[21.4979,70.1828],[21.4921,70.1846],[21.49,70.1873],[21.4844,70.191],[21.4792,70.1921],[21.4742,70.1897],[21.469,70.1893],[21.463,70.1902],[21.459,70.1893],[21.4471,70.1845],[21.4398,70.1825],[21.425,70.1828],[21.4168,70.185],[21.416,70.1877],[21.4213,70.1904],[21.4203,70.1931],[21.4021,70.1933],[21.3687,70.1968],[21.36,70.1979],[21.3492,70.2019],[21.343,70.2017],[21.3302,70.2028],[21.3242,70.2021],[21.3208,70.2043],[21.3108,70.2073],[21.305,70.208],[21.2937,70.2122],[21.2785,70.2154],[21.257,70.2188],[21.2089,70.2222],[21.1955,70.2207],[21.1745,70.2229],[21.0066,70.2375],[20.9803,70.2613],[20.8947,70.3386],[20.8078,70.4163],[20.6936,70.5175],[20.6226,70.5797],[20.4797,70.7036],[19.8795,70.6264],[19.6916,70.6017],[19.3859,70.5608],[19.1596,70.5302],[18.8532,70.488],[18.8228,70.4835],[18.7989,70.4794],[18.3595,70.3993],[18.3375,70.395],[18.315,70.3902],[18.2932,70.385],[18.2721,70.3795],[18.2518,70.3737],[18.2323,70.3676],[18.2136,70.3612],[18.1958,70.3546],[18.179,70.3476],[18.163,70.3405],[18.004,70.2648],[17.9043,70.2169],[17.8052,70.1684],[17.6146,70.0742],[17.4537,69.9939],[17.4378,69.9855],[17.4247,69.9777],[17.2401,69.8622],[17.16,69.8115]]]},"properties":{"fylke":"Troms","fnr":"55"}},
{"type":"Feature","geometry":{"type":"Polygon","coordinates":[[[22.8348,69.6672],[22.8696,69.6571],[22.8945,69.6474],[22.8468,69.6215],[22.8181,69.6151],[22.7773,69.6068],[22.7709,69.5801],[22.7457,69.562],[22.7441,69.5603],[22.7433,69.5499],[22.7032,69.5422],[22.722,69.5085],[22.675,69.5159],[22.6359,69.5189],[22.6315,69.519],[22.5107,69.5134],[22.4447,69.5],[22.3805,69.4866],[22.2793,69.4823],[22.2732,69.4704],[22.2793,69.467],[22.3018,69.4527],[22.2872,69.4292],[22.3253,69.3961],[22.3278,69.3679],[22.3656,69.3628],[22.3993,69.3282],[22.4337,69.3075],[22.4492,69.2922],[22.454,69.2878],[22.4826,69.2667],[22.4886,69.2667],[22.4988,69.2648],[22.5088,69.2612],[22.5298,69.2383],[22.5262,69.2335],[22.5237,69.2247],[22.533,69.2027],[22.5163,69.1777],[22.5284,69.1661],[22.5289,69.1615],[22.4945,69.1431],[22.5007,69.126],[22.4786,69.1099],[22.4178,69.1029],[22.351,69.0898],[22.3189,69.0796],[22.2163,69.0786],[22.1095,69.0758],[21.9988,69.073],[21.9836,69.0729],[22.0907,69.008],[22.1758,68.9563],[22.1919,68.9188],[22.265,68.8739],[22.3408,68.8272],[22.3537,68.787],[22.3745,68.7167],[22.5354,68.7445],[22.6058,68.7261],[22.6998,68.7076],[22.8008,68.6875],[23.046,68.6893],[23.1019,68.6613],[23.1676,68.6285],[23.2351,68.6445],[23.3638,68.6752],[23.4406,68.6922],[23.6735,68.7055],[23.7311,68.7508],[23.7754,68.8189],[23.8715,68.8365],[23.9833,68.8271],[24.0756,68.78],[24.1586,68.7897],[24.153,68.7536],[24.208,68.7453],[24.251,68.7271],[24.3023,68.7174],[24.4324,68.7033],[24.4676,68.6996],[24.6084,68.6819],[24.7834,68.6362],[24.8127,68.6073],[24.8572,68.5622],[24.9032,68.5546],[24.9066,68.5819],[24.9169,68.6052],[24.9209,68.6058],[24.9232,68.6076],[24.9272,68.6074],[24.9345,68.6113],[24.9395,68.6124],[24.9471,68.6122],[24.9486,68.6148],[24.9563,68.6153],[24.9582,68.6172],[24.9711,68.6163],[24.9795,68.6177],[24.9866,68.6134],[24.9959,68.6122],[25.0008,68.6136],[25.0139,68.6152],[25.0139,68.6188],[25.0156,68.6219],[25.0243,68.6242],[25.0333,68.6237],[25.0383,68.6253],[25.0442,68.6256],[25.0488,68.6269],[25.0551,68.6242],[25.0572,68.6224],[25.0683,68.6199],[25.0723,68.6224],[25.0763,68.6222],[25.0817,68.6265],[25.0875,68.6289],[25.0863,68.6297],[25.0915,68.6356],[25.0967,68.6358],[25.1038,68.6379],[25.1129,68.6375],[25.1164,68.6396],[25.1156,68.6411],[25.1193,68.643],[25.116,68.6445],[25.1186,68.6481],[25.1179,68.6507],[25.1139,68.6531],[25.1157,68.6595],[25.1133,68.6614],[25.1144,68.6663],[25.1129,68.6673],[25.1103,68.6733],[25.1114,68.6766],[25.1083,68.6776],[25.1071,68.6806],[25.1094,68.6827],[25.1143,68.6928],[25.1133,68.6989],[25.1108,68.6994],[25.1129,68.7031],[25.1159,68.7059],[25.1152,68.7073],[25.1194,68.7085],[25.1223,68.713],[25.1308,68.7145],[25.1311,68.7177],[25.1296,68.7192],[25.1245,68.7198],[25.1218,68.7243],[25.1233,68.7284],[25.124,68.7349],[25.1267,68.7359],[25.1257,68.7426],[25.1212,68.7452],[25.1239,68.7479],[25.1235,68.7496],[25.1265,68.758],[25.1346,68.762],[25.1354,68.7667],[25.1327,68.7676],[25.1357,68.772],[25.1402,68.7762],[25.1413,68.7788],[25.1422,68.7872],[25.1484,68.7897],[25.1502,68.7945],[25.1569,68.7988],[25.1571,68.7999],[25.1679,68.8026],[25.1733,68.8045],[25.1764,68.8066],[25.185,68.8084],[25.1969,68.8097],[25.1987,68.8116],[25.2071,68.8164],[25.208,68.8189],[25.2196,68.8213],[25.2234,68.8237],[25.2318,68.8265],[25.232,68.8293],[25.2365,68.835],[25.2394,68.8364],[25.2389,68.8393],[25.2488,68.8437],[25.2543,68.8448],[25.2677,68.851],[25.2802,68.8538],[25.2845,68.8543],[25.2898,68.8563],[25.2878,68.858],[25.296,68.861],[25.3077,68.863],[25.3132,68.8634],[25.326,68.8662],[25.338,68.87],[25.3437,68.8708],[25.3573,68.8741],[25.3603,68.8755],[25.3721,68.8779],[25.3752,68.8809],[25.397,68.8852],[25.4011,68.8866],[25.3977,68.8896],[25.3967,68.8904],[25.406,68.8923],[25.4111,68.8927],[25.4197,68.8912],[25.4218,68.8928],[25.4284,68.8942],[25.4334,68.8939],[25.4461,68.8973],[25.455,68.8983],[25.4572,68.8999],[25.4723,68.9031],[25.4748,68.9045],[25.4816,68.9051],[25.4889,68.9046],[25.4937,68.9034],[25.4933,68.8997],[25.5003,68.8978],[25.509,68.8969],[25.5159,68.8923],[25.5264,68.8902],[25.5305,68.888],[25.5439,68.8863],[25.5516,68.8873],[25.5568,68.8872],[25.5641,68.8859],[25.5698,68.8858],[25.5856,68.8833],[25.5935,68.8837],[25.601,68.885],[25.6041,68.8875],[25.6149,68.8906],[25.6219,68.8911],[25.6281,68.8933],[25.6267,68.8967],[25.6346,68.9013],[25.6357,68.9026],[25.6543,68.9061],[25.6571,68.9168],[25.6608,68.9192],[25.6621,68.9219],[25.6704,68.9278],[25.6728,68.9318],[25.6802,68.9364],[25.6821,68.9387],[25.691,68.9447],[25.6927,68.9477],[25.6904,68.9485],[25.6921,68.9515],[25.6998,68.9554],[25.7084,68.9613],[25.71,68.9646],[25.7137,68.9671],[25.712,68.9691],[25.7141,68.9723],[25.7118,68.9745],[25.7136,68.9755],[25.7115,68.9791],[25.713,68.9812],[25.7175,68.9832],[25.7221,68.9874],[25.7225,68.9894],[25.7302,68.9938],[25.7383,68.9958],[25.7404,68.9977],[25.751,69.0019],[25.756,69.0044],[25.762,69.0039],[25.7671,69.0072],[25.774,69.0131],[25.7774,69.0183],[25.7758,69.0228],[25.7705,69.0286],[25.7635,69.0301],[25.7573,69.0298],[25.7503,69.0325],[25.7504,69.0371],[25.7453,69.0398],[25.7461,69.0428],[25.7446,69.044],[25.7506,69.0462],[25.7493,69.0507],[25.754,69.053],[25.7497,69.0551],[25.7528,69.0565],[25.7509,69.0593],[25.7483,69.0599],[25.7404,69.0654],[25.7295,69.074],[25.7243,69.0796],[25.7249,69.0808],[25.7315,69.0824],[25.7292,69.0851],[25.7276,69.0902],[25.7256,69.0912],[25.7256,69.0956],[25.7314,69.1038],[25.7303,69.106],[25.7202,69.1088],[25.7223,69.1156],[25.7281,69.1191],[25.7318,69.123],[25.732,69.1278],[25.7364,69.1325],[25.742,69.1359],[25.7435,69.1393],[25.7413,69.1418],[25.7428,69.1445],[25.735,69.1495],[25.7297,69.1517],[25.7313,69.1537],[25.7303,69.1587],[25.7252,69.1612],[25.7262,69.1637],[25.7221,69.1695],[25.7194,69.1704],[25.7188,69.1728],[25.7152,69.1768],[25.711,69.1831],[25.7066,69.1861],[25.7081,69.1871],[25.6984,69.1927],[25.6934,69.1961],[25.6927,69.1983],[25.6957,69.2003],[25.6936,69.2036],[25.7041,69.206],[25.7077,69.209],[25.7133,69.2116],[25.7087,69.2145],[25.7057,69.2201],[25.7115,69.2233],[25.7139,69.2255],[25.7122,69.2269],[25.7057,69.2287],[25.7007,69.2317],[25.7038,69.2343],[25.7024,69.2398],[25.7072,69.2416],[25.7081,69.2444],[25.7013,69.25],[25.7029,69.2548],[25.7095,69.2565],[25.7196,69.2571],[25.7211,69.2591],[25.7292,69.2622],[25.7323,69.2661],[25.7286,69.2715],[25.7338,69.2744],[25.7406,69.275],[25.7432,69.2776],[25.7385,69.2811],[25.7407,69.2839],[25.7477,69.2862],[25.7447,69.2928],[25.736,69.2952],[25.7368,69.2988],[25.7478,69.3021],[25.7468,69.3055],[25.7416,69.3067],[25.739,69.3086],[25.7386,69.3113],[25.7418,69.3191],[25.7523,69.3236],[25.7555,69.3243],[25.759,69.3273],[25.7585,69.3309],[25.763,69.3339],[25.7603,69.3371],[25.76,69.3409],[25.7721,69.3435],[25.777,69.3439],[25.7799,69.3464],[25.7788,69.3507],[25.7849,69.3559],[25.7947,69.3571],[25.8036,69.3573],[25.813,69.3588],[25.8185,69.3607],[25.8161,69.3671],[25.8187,69.3727],[25.813,69.3738],[25.8126,69.3759],[25.8195,69.3797],[25.8281,69.3814],[25.8299,69.3827],[25.8306,69.3888],[25.8383,69.3923],[25.8446,69.3926],[25.8468,69.3942],[25.8436,69.3984],[25.8349,69.4032],[25.8318,69.4068],[25.8274,69.4074],[25.8141,69.4052],[25.8122,69.4054],[25.8097,69.4108],[25.8207,69.4122],[25.8242,69.4134],[25.822,69.4161],[25.8178,69.4175],[25.8089,69.4193],[25.7978,69.4191],[25.793,69.4209],[25.7949,69.4232],[25.801,69.4252],[25.8072,69.4255],[25.8108,69.4286],[25.8101,69.4313],[25.8055,69.4329],[25.8068,69.4353],[25.8121,69.4371],[25.8172,69.44],[25.8188,69.4447],[25.826,69.4487],[25.8263,69.451],[25.8293,69.453],[25.8311,69.4623],[25.8349,69.4682],[25.8404,69.4703],[25.852,69.4723],[25.8637,69.4748],[25.8627,69.4781],[25.8641,69.483],[25.8592,69.4857],[25.849,69.4881],[25.8465,69.4898],[25.8464,69.4925],[25.8508,69.4977],[25.86,69.5042],[25.8565,69.5081],[25.8599,69.5107],[25.86,69.5135],[25.8712,69.5185],[25.877,69.5222],[25.8761,69.529],[25.8686,69.5335],[25.8613,69.5366],[25.8413,69.5421],[25.8393,69.5436],[25.8418,69.5466],[25.8415,69.551],[25.8442,69.5523],[25.8541,69.5533],[25.8681,69.553],[25.8742,69.5536],[25.891,69.5581],[25.8955,69.5585],[25.9063,69.5622],[25.9136,69.5659],[25.9245,69.5697],[25.9375,69.5725],[25.9421,69.5775],[25.9454,69.5788],[25.9486,69.5831],[25.9456,69.586],[25.9503,69.5894],[25.9519,69.5941],[25.9544,69.5955],[25.9638,69.5976],[25.9667,69.5988],[25.9697,69.6034],[25.9721,69.6047],[25.973,69.6078],[25.9766,69.611],[25.9735,69.614],[25.9663,69.6168],[25.9594,69.6204],[25.963,69.6233],[25.9639,69.6256],[25.9607,69.6288],[25.9633,69.6324],[25.9612,69.637],[25.9553,69.6426],[25.9553,69.6465],[25.9466,69.6509],[25.9294,69.6556],[25.9162,69.6569],[25.9077,69.6569],[25.8971,69.6592],[25.8927,69.6619],[25.8915,69.6655],[25.8956,69.6695],[25.9109,69.6748],[25.9169,69.6786],[25.9202,69.6793],[25.9312,69.6803],[25.9427,69.6846],[25.946,69.6899],[25.9504,69.6914],[25.9522,69.6937],[25.9505,69.6966],[25.9602,69.6993],[25.9655,69.7031],[25.9661,69.7053],[25.9749,69.7077],[25.9814,69.7103],[25.9881,69.714],[25.9941,69.7163],[25.9948,69.7177],[26.0039,69.7206],[26.0071,69.7229],[26.0142,69.7233],[26.0245,69.7215],[26.0362,69.7211],[26.0397,69.7204],[26.0487,69.7202],[26.0545,69.7212],[26.0587,69.7236],[26.0644,69.7244],[26.0719,69.7242],[26.0779,69.727],[26.0824,69.7279],[26.0903,69.7278],[26.1058,69.7294],[26.1219,69.7335],[26.1356,69.7386],[26.1465,69.7449],[26.148,69.7473],[26.1481,69.7519],[26.1501,69.7554],[26.1534,69.7569],[26.1623,69.7583],[26.1732,69.7583],[26.1818,69.7596],[26.1844,69.7609],[26.186,69.7645],[26.1855,69.7671],[26.1812,69.7691],[26.1924,69.7771],[26.1968,69.7784],[26.2047,69.7793],[26.2112,69.7792],[26.2171,69.7811],[26.2195,69.7847],[26.225,69.7864],[26.228,69.7924],[26.2327,69.7937],[26.2402,69.7936],[26.2467,69.795],[26.2489,69.8008],[26.2462,69.8045],[26.2412,69.8082],[26.2408,69.8137],[26.2426,69.8162],[26.2459,69.8174],[26.2604,69.8191],[26.2709,69.8213],[26.2818,69.8256],[26.297,69.8275],[26.311,69.831],[26.3181,69.8336],[26.328,69.8353],[26.3341,69.8375],[26.3363,69.8399],[26.3427,69.8431],[26.3498,69.8454],[26.3606,69.8448],[26.3674,69.8475],[26.3695,69.8498],[26.3789,69.8523],[26.387,69.8561],[26.3908,69.8608],[26.3959,69.8642],[26.4007,69.8664],[26.4012,69.871],[26.4031,69.8736],[26.4093,69.8767],[26.4131,69.8799],[26.4155,69.886],[26.4179,69.8886],[26.4177,69.8906],[26.4111,69.8942],[26.408,69.8969],[26.4075,69.9015],[26.4121,69.903],[26.4199,69.9045],[26.4336,69.909],[26.4393,69.9114],[26.4465,69.9153],[26.4551,69.9187],[26.4581,69.9222],[26.4576,69.9316],[26.4604,69.936],[26.4666,69.9402],[26.4785,69.9416],[26.4853,69.9439],[26.4952,69.9456],[26.5053,69.9459],[26.5219,69.9457],[26.5479,69.9472],[26.5529,69.9479],[26.5702,69.952],[26.5808,69.9533],[26.5988,69.9563],[26.6095,69.9574],[26.6172,69.9592],[26.6437,69.9612],[26.6542,69.9618],[26.6593,69.9625],[26.6688,69.9628],[26.6761,69.9646],[26.6806,69.9645],[26.6834,69.963],[26.686,69.9597],[26.6931,69.9553],[26.6972,69.9515],[26.7028,69.9485],[26.7155,69.9453],[26.7205,69.945],[26.7324,69.9464],[26.7402,69.9486],[26.748,69.9499],[26.7557,69.9519],[26.765,69.9549],[26.7822,69.9582],[26.7894,69.9589],[26.8051,69.9591],[26.8181,69.9587],[26.8361,69.9602],[26.8513,69.9601],[26.857,69.9589],[26.8589,69.9573],[26.8576,69.9544],[26.8583,69.9499],[26.8554,69.9468],[26.8564,69.9438],[26.8607,69.9399],[26.8736,69.9348],[26.8856,69.9323],[26.8978,69.9324],[26.9091,69.934],[26.9182,69.9357],[26.9289,69.9393],[26.9558,69.9398],[26.9682,69.9387],[26.986,69.9351],[26.9944,69.9309],[27.0036,69.9254],[27.0051,69.9233],[27.0118,69.9186],[27.0194,69.9154],[27.0261,69.9134],[27.0316,69.9108],[27.0375,69.9104],[27.0477,69.9119],[27.0622,69.9178],[27.079,69.9182],[27.0933,69.9169],[27.0999,69.9176],[27.1106,69.9209],[27.1153,69.9233],[27.1181,69.9259],[27.1292,69.9319],[27.1352,69.9326],[27.1531,69.9328],[27.1704,69.9352],[27.1831,69.9385],[27.1947,69.9398],[27.2063,69.9423],[27.2184,69.9445],[27.2282,69.9473],[27.2353,69.9482],[27.2514,69.949],[27.2597,69.9499],[27.2729,69.9505],[27.2918,69.9523],[27.3021,69.9552],[27.3055,69.958],[27.3014,69.9637],[27.2953,69.9652],[27.2909,69.9707],[27.2876,69.9721],[27.2755,69.9748],[27.2765,69.9793],[27.291,69.9854],[27.2984,69.9868],[27.3119,69.9904],[27.3189,69.9905],[27.3263,69.9883],[27.3445,69.989],[27.3582,69.9915],[27.3746,69.9977],[27.3818,69.9991],[27.3918,70.0038],[27.4051,70.0133],[27.4286,70.0192],[27.4396,70.0203],[27.4613,70.0202],[27.4731,70.0219],[27.4807,70.0219],[27.496,70.0213],[27.5072,70.0223],[27.5154,70.0221],[27.526,70.0235],[27.5303,70.0253],[27.5345,70.0303],[27.5402,70.0333],[27.5435,70.0392],[27.5404,70.0428],[27.5407,70.0456],[27.5454,70.0491],[27.5526,70.0577],[27.5568,70.0599],[27.5698,70.0627],[27.573,70.0641],[27.5746,70.0665],[27.5791,70.0679],[27.5933,70.0691],[27.5987,70.071],[27.6125,70.0746],[27.616,70.075],[27.6314,70.0747],[27.6374,70.0755],[27.6543,70.0757],[27.6657,70.0772],[27.6721,70.0774],[27.6929,70.0766],[27.7062,70.0739],[27.7141,70.0701],[27.7183,70.07],[27.7302,70.0662],[27.7411,70.0641],[27.7461,70.0643],[27.7521,70.066],[27.7678,70.0687],[27.774,70.0713],[27.7809,70.0727],[27.7854,70.0748],[27.7942,70.0768],[27.8031,70.0779],[27.8201,70.0794],[27.8361,70.0795],[27.8494,70.0817],[27.8594,70.0823],[27.8709,70.0847],[27.8813,70.0856],[27.9095,70.0867],[27.9173,70.0875],[27.9275,70.0896],[27.9408,70.0906],[27.9483,70.0919],[27.9594,70.0921],[27.977,70.0542],[27.9824,70.0282],[27.9843,70.014],[28.0179,69.9952],[28.1607,69.921],[28.3451,69.8809],[28.3305,69.8492],[28.4042,69.8184],[28.5152,69.8],[28.6886,69.7706],[28.8016,69.7505],[28.917,69.7298],[29.1339,69.6953],[29.1705,69.639],[29.2034,69.6074],[29.2549,69.5575],[29.2894,69.5243],[29.3365,69.4783],[29.2193,69.3976],[29.1582,69.3703],[29.0578,69.3253],[28.9309,69.2683],[28.8315,69.2244],[28.8303,69.1719],[28.8054,69.1112],[28.8546,69.0766],[28.9293,69.0519],[29.0199,69.0252],[29.0414,69.0108],[29.0567,69.0152],[29.0944,69.0395],[29.1424,69.0631],[29.1597,69.0671],[29.2421,69.113],[29.236,69.1198],[29.2311,69.1218],[29.2322,69.1242],[29.2384,69.1251],[29.2429,69.1274],[29.2443,69.1301],[29.2392,69.1379],[29.245,69.1441],[29.2467,69.1468],[29.2577,69.1551],[29.2491,69.1604],[29.2493,69.162],[29.2607,69.163],[29.2665,69.164],[29.272,69.1661],[29.286,69.169],[29.2838,69.1717],[29.2827,69.1752],[29.2874,69.1761],[29.2901,69.1782],[29.2946,69.1863],[29.2922,69.1938],[29.2964,69.1973],[29.2925,69.205],[29.2941,69.2067],[29.3059,69.2102],[29.3023,69.2127],[29.3008,69.2176],[29.3038,69.2234],[29.3081,69.2277],[29.314,69.2312],[29.3141,69.2353],[29.3117,69.2384],[29.3047,69.2421],[29.2931,69.2451],[29.2844,69.2463],[29.2783,69.2489],[29.2768,69.2516],[29.2774,69.2634],[29.2757,69.2705],[29.2769,69.276],[29.2822,69.2807],[29.2849,69.2922],[29.2866,69.2947],[29.2915,69.2976],[29.3056,69.3003],[29.3189,69.3016],[29.3348,69.3076],[29.3425,69.3082],[29.3559,69.3119],[29.3648,69.3132],[29.3779,69.3182],[29.3814,69.3186],[29.3862,69.3212],[29.3977,69.3237],[29.4004,69.3217],[29.4069,69.3207],[29.412,69.3186],[29.4183,69.3187],[29.4254,69.3201],[29.4374,69.3213],[29.4465,69.3214],[29.454,69.3209],[29.466,69.3219],[29.4871,69.3223],[29.4969,69.3246],[29.5031,69.328],[29.5087,69.3285],[29.5154,69.3273],[29.5227,69.3292],[29.5268,69.3282],[29.5291,69.3217],[29.5336,69.3187],[29.5385,69.3171],[29.5494,69.3162],[29.5642,69.3169],[29.5736,69.3187],[29.5904,69.3252],[29.6005,69.3297],[29.6174,69.3348],[29.6281,69.3389],[29.6365,69.3446],[29.6438,69.3474],[29.6641,69.3524],[29.6836,69.359],[29.6951,69.3635],[29.6976,69.3666],[29.6966,69.3691],[29.6981,69.3719],[29.7032,69.3754],[29.7085,69.3768],[29.713,69.3809],[29.7132,69.3829],[29.7178,69.386],[29.7224,69.3877],[29.7222,69.3889],[29.7327,69.391],[29.7462,69.3912],[29.7573,69.3939],[29.7673,69.394],[29.7742,69.395],[29.7793,69.3982],[29.7878,69.3977],[29.797,69.4041],[29.7966,69.4059],[29.8076,69.4089],[29.8134,69.4114],[29.8253,69.4138],[29.8365,69.4173],[29.8444,69.421],[29.8505,69.4228],[29.8651,69.4241],[29.8724,69.4238],[29.8804,69.4227],[29.9003,69.4181],[29.9125,69.4188],[29.9295,69.4144],[29.9321,69.4132],[29.9309,69.4101],[29.9349,69.4068],[29.939,69.4059],[29.949,69.405],[29.9579,69.4063],[29.9653,69.4057],[29.979,69.4094],[29.9944,69.4125],[30.0106,69.4164],[30.0205,69.4194],[30.0335,69.4242],[30.0455,69.4303],[30.0573,69.4399],[30.0641,69.4449],[30.0704,69.4485],[30.077,69.4535],[30.0901,69.4594],[30.1098,69.4656],[30.1176,69.4699],[30.1169,69.4723],[30.1131,69.4761],[30.1119,69.4792],[30.1153,69.4843],[30.1181,69.4868],[30.1166,69.4999],[30.1197,69.5126],[30.1231,69.5175],[30.1286,69.5223],[30.1322,69.524],[30.1433,69.5264],[30.1496,69.5308],[30.1601,69.5333],[30.1688,69.5331],[30.1755,69.5363],[30.179,69.5413],[30.1796,69.5454],[30.1853,69.5498],[30.1854,69.5523],[30.1808,69.5574],[30.1814,69.5599],[30.1855,69.5618],[30.1881,69.5658],[30.1875,69.5704],[30.1804,69.5775],[30.1792,69.5812],[30.1807,69.584],[30.1794,69.5865],[30.1717,69.5895],[30.1676,69.5917],[30.1625,69.5971],[30.1601,69.6007],[30.1588,69.6063],[30.1529,69.6088],[30.1545,69.6133],[30.1518,69.616],[30.1517,69.6201],[30.1493,69.6255],[30.1494,69.6279],[30.1399,69.6392],[30.1378,69.6435],[30.0913,69.6428],[30.0853,69.6581],[30.112,69.6637],[30.1517,69.6694],[30.224,69.6531],[30.3038,69.6289],[30.4177,69.5899],[30.4744,69.5635],[30.4816,69.5598],[30.5076,69.548],[30.516,69.5404],[30.5662,69.5421],[30.6642,69.5407],[30.7089,69.5366],[30.7446,69.5329],[30.7506,69.5335],[30.7631,69.5327],[30.7709,69.5317],[30.7877,69.5324],[30.7947,69.5314],[30.8035,69.5289],[30.8149,69.529],[30.8308,69.5316],[30.8393,69.5352],[30.8591,69.5371],[30.8624,69.5379],[30.8647,69.5401],[30.8683,69.5403],[30.887,69.547],[30.89,69.5496],[30.9003,69.5525],[30.9137,69.5534],[30.9166,69.5551],[30.928,69.5576],[30.9325,69.5601],[30.939,69.5611],[30.9377,69.5655],[30.9395,69.5695],[30.9384,69.5713],[30.941,69.5741],[30.9465,69.5762],[30.943,69.5818],[30.9462,69.5862],[30.9473,69.5908],[30.9463,69.5926],[30.9397,69.5944],[30.9385,69.5966],[30.9404,69.5986],[30.9486,69.601],[30.9494,69.6028],[30.9476,69.6058],[30.9487,69.6092],[30.9523,69.6113],[30.953,69.6142],[30.9496,69.6176],[30.9503,69.6229],[30.9521,69.6238],[30.952,69.6284],[30.9541,69.6289],[30.9535,69.6335],[30.9515,69.6348],[30.9527,69.6376],[30.9427,69.6417],[30.9391,69.6438],[30.939,69.6467],[30.9338,69.6479],[30.9328,69.6501],[30.9344,69.6541],[30.9295,69.6576],[30.9318,69.6626],[30.9259,69.6652],[30.9239,69.6673],[30.9244,69.6717],[30.928,69.6734],[30.94,69.6741],[30.9418,69.6764],[30.9463,69.6781],[30.9433,69.6804],[30.9436,69.684],[30.9394,69.6854],[30.93,69.6847],[30.9285,69.6873],[30.9219,69.6916],[30.9159,69.6916],[30.9198,69.6939],[30.9154,69.6965],[30.9095,69.6979],[30.9093,69.7002],[30.9009,69.7017],[30.8954,69.6996],[30.8905,69.7019],[30.8972,69.7029],[30.8906,69.7064],[30.8859,69.7069],[30.8814,69.7098],[30.8803,69.713],[30.8735,69.7151],[30.8804,69.7184],[30.8833,69.7175],[30.8905,69.7197],[30.8899,69.7225],[30.8876,69.7245],[30.891,69.7283],[30.8857,69.7304],[30.8895,69.7315],[30.8918,69.7336],[30.8884,69.7358],[30.8905,69.7374],[30.8866,69.7394],[30.8813,69.7378],[30.8786,69.7387],[30.8798,69.7407],[30.876,69.7421],[30.8725,69.7456],[30.8716,69.7481],[30.868,69.751],[30.87,69.7518],[30.8709,69.7563],[30.8665,69.7553],[30.8664,69.7526],[30.8614,69.7528],[30.8624,69.7563],[30.8674,69.7585],[30.8629,69.7607],[30.861,69.763],[30.8552,69.7628],[30.8544,69.7647],[30.8501,69.7664],[30.853,69.769],[30.8478,69.7692],[30.8464,69.7712],[30.8402,69.7724],[30.8396,69.7763],[30.8429,69.7781],[30.8371,69.7804],[30.8302,69.7822],[30.8219,69.788],[30.8215,69.7913],[30.8176,69.7948],[30.8891,69.8411],[31.1043,69.9793],[31.1983,70.0127],[31.3488,70.0659],[31.5054,70.1209],[31.5856,70.1438],[31.6357,70.2373],[31.7246,70.3184],[31.7329,70.3265],[31.7405,70.3351],[31.747,70.3438],[31.7523,70.3526],[31.7564,70.3614],[31.7593,70.3704],[31.7611,70.3793],[31.7616,70.3883],[31.7601,70.4023],[31.7576,70.4113],[31.754,70.4201],[31.7491,70.429],[31.7431,70.4377],[31.7359,70.4463],[31.7276,70.4548],[31.7181,70.4632],[31.7075,70.4715],[31.6877,70.4847],[31.6746,70.4925],[31.6604,70.5002],[31.6453,70.5076],[31.621,70.5188],[31.6043,70.5258],[31.5867,70.5326],[31.5682,70.5391],[31.5488,70.5453],[31.4426,70.5777],[31.297,70.6219],[31.2226,70.6444],[31.1023,70.6805],[30.8728,70.749],[30.6136,70.8254],[30.5885,70.8323],[30.4701,70.8633],[30.4504,70.8682],[30.428,70.8733],[30.4049,70.8781],[30.3811,70.8825],[30.1937,70.9155],[30.0521,70.9401],[29.8042,70.983],[29.5662,71.0236],[29.3646,71.0721],[29.1608,71.1207],[28.7994,71.2057],[28.5556,71.2623],[28.5397,71.2659],[28.5162,71.2707],[28.492,71.2752],[28.4672,71.2793],[28.4419,71.283],[28.416,71.2864],[28.3897,71.2894],[28.363,71.292],[28.336,71.2942],[28.2996,71.2968],[28.0999,71.3095],[27.9757,71.3173],[27.7743,71.3297],[27.7456,71.3312],[27.7178,71.3323],[27.0607,71.3518],[26.7841,71.3593],[26.6811,71.362],[26.4169,71.3686],[25.9637,71.3792],[25.7107,71.3846],[25.6827,71.3849],[25.6547,71.3848],[25.6266,71.3843],[25.5987,71.3834],[25.571,71.3821],[25.5435,71.3803],[25.2911,71.3625],[24.9198,71.3357],[24.6293,71.3141],[24.3421,71.3081],[24.0163,71.3008],[23.9888,71.3],[23.9611,71.2987],[23.8757,71.2942],[23.8557,71.293],[23.8284,71.2911],[23.8015,71.2887],[23.7749,71.286],[23.7488,71.2828],[23.7231,71.2793],[23.6979,71.2755],[23.6686,71.2705],[23.6446,71.266],[23.4576,71.2286],[23.2475,71.1862],[22.8546,71.1059],[22.4764,71.0271],[22.465,71.0246],[22.2983,70.9877],[22.1733,70.9598],[21.9119,70.9009],[21.7012,70.853],[21.1759,70.79],[20.4797,70.7036],[20.6226,70.5797],[20.6936,70.5175],[20.8078,70.4163],[20.8947,70.3386],[20.9803,70.2613],[21.0066,70.2375],[21.1745,70.2229],[21.1955,70.2207],[21.2089,70.2222],[21.257,70.2188],[21.2785,70.2154],[21.2937,70.2122],[21.305,70.208],[21.3108,70.2073],[21.3208,70.2043],[21.3242,70.2021],[21.3302,70.2028],[21.343,70.2017],[21.3492,70.2019],[21.36,70.1979],[21.3687,70.1968],[21.4021,70.1933],[21.4203,70.1931],[21.4213,70.1904],[21.416,70.1877],[21.4168,70.185],[21.425,70.1828],[21.4398,70.1825],[21.4471,70.1845],[21.459,70.1893],[21.463,70.1902],[21.469,70.1893],[21.4742,70.1897],[21.4792,70.1921],[21.4844,70.191],[21.49,70.1873],[21.4921,70.1846],[21.4979,70.1828],[21.5056,70.182],[21.5097,70.183],[21.5148,70.1824],[21.5267,70.183],[21.5346,70.1869],[21.5399,70.1925],[21.5689,70.1953],[21.615,70.191],[21.6286,70.1895],[21.6287,70.1874],[21.6245,70.1841],[21.6183,70.1814],[21.61,70.18],[21.6086,70.1782],[21.6156,70.175],[21.6212,70.1741],[21.6206,70.1711],[21.6233,70.1684],[21.6284,70.1662],[21.6344,70.1668],[21.647,70.1637],[21.6528,70.1629],[21.6588,70.1603],[21.6585,70.1577],[21.6616,70.1539],[21.6645,70.1525],[21.6702,70.1518],[21.683,70.1515],[21.6804,70.1483],[21.6925,70.1442],[21.7006,70.1423],[21.7092,70.1412],[21.721,70.1407],[21.7154,70.1357],[21.7122,70.1316],[21.713,70.1277],[21.7214,70.123],[21.7246,70.1222],[21.7355,70.1215],[21.7443,70.1215],[21.7537,70.1204],[21.7673,70.1202],[21.7889,70.1177],[21.7948,70.1163],[21.8132,70.11],[21.8161,70.1054],[21.8219,70.1048],[21.8239,70.103],[21.8292,70.1008],[21.8765,70.1114],[21.8696,70.13],[21.913,70.1421],[21.9135,70.1583],[21.9648,70.1493],[21.9665,70.1509],[21.9719,70.1521],[21.9862,70.1538],[21.9917,70.1561],[22.0011,70.1617],[22.0063,70.163],[22.0163,70.1641],[22.0438,70.1655],[22.0547,70.1668],[22.0665,70.1688],[22.0748,70.171],[22.0864,70.1717],[22.1193,70.1705],[22.1289,70.1388],[22.1242,70.1319],[22.1091,70.1283],[22.1056,70.1267],[22.1114,70.1223],[22.1192,70.1194],[22.1702,70.0645],[22.1871,70.0652],[22.2016,70.0652],[22.2125,70.0587],[22.2168,70.0387],[22.2104,70.0366],[22.2148,70.0351],[22.2076,70.0313],[22.2035,70.0302],[22.1963,70.0297],[22.1896,70.0274],[22.1864,70.0255],[22.1883,70.0215],[22.1872,70.0188],[22.1895,70.0164],[22.1891,70.014],[22.1858,70.0117],[22.1869,70.0101],[22.1977,70.0068],[22.2014,70.0065],[22.2043,70.0033],[22.2252,69.9911],[22.2331,69.9818],[22.2476,69.9761],[22.2432,69.9609],[22.2713,69.9509],[22.2821,69.9456],[22.3236,69.9383],[22.34,69.936],[22.4027,69.9244],[22.4386,69.9266],[22.4793,69.9218],[22.4972,69.9188],[22.5267,69.901],[22.4486,69.8734],[22.4775,69.8631],[22.5032,69.8633],[22.5318,69.8608],[22.5466,69.846],[22.5337,69.8437],[22.5121,69.8307],[22.4882,69.8192],[22.4515,69.7907],[22.5022,69.7794],[22.5362,69.7696],[22.5552,69.7476],[22.5387,69.7262],[22.5719,69.6962],[22.5999,69.6884],[22.7551,69.6455],[22.8034,69.6577],[22.8348,69.6672]]]},"properties":{"fylke":"Finnmark","fnr":"56"}}
]}